ERROR - 2026-10-06 08:46:28 --> Error connecting to the database: mysqli_sql_exception: No connection could be made because the target machine actively refused it in C:\xampp\htdocs\IT0049-TC36\system\Database\MySQLi\Connection.php:201
Stack trace:
#0 C:\xampp\htdocs\IT0049-TC36\system\Database\MySQLi\Connection.php(201): mysqli->real_connect('localhost', 'root', Object(SensitiveParameterValue), 'technical', 3306, '', 0)
#1 C:\xampp\htdocs\IT0049-TC36\system\Database\BaseConnection.php(555): CodeIgniter\Database\MySQLi\Connection->connect(false)
#2 C:\xampp\htdocs\IT0049-TC36\system\Database\BaseConnection.php(795): CodeIgniter\Database\BaseConnection->initialize()
#3 C:\xampp\htdocs\IT0049-TC36\system\Database\BaseBuilder.php(1659): CodeIgniter\Database\BaseConnection->query('SELECT *\nFROM `...', Array, false)
#4 C:\xampp\htdocs\IT0049-TC36\system\Model.php(255): CodeIgniter\Database\BaseBuilder->get()
#5 C:\xampp\htdocs\IT0049-TC36\system\BaseModel.php(676): CodeIgniter\Model->doFindAll(0, 0)
#6 C:\xampp\htdocs\IT0049-TC36\app\Controllers\Customers.php(14): CodeIgniter\BaseModel->findAll()
#7 C:\xampp\htdocs\IT0049-TC36\system\CodeIgniter.php(974): App\Controllers\Customers->index()
#8 C:\xampp\htdocs\IT0049-TC36\system\CodeIgniter.php(520): CodeIgniter\CodeIgniter->runController(Object(App\Controllers\Customers))
#9 C:\xampp\htdocs\IT0049-TC36\system\CodeIgniter.php(363): CodeIgniter\CodeIgniter->handleRequest(NULL, Object(Config\Cache), false)
#10 C:\xampp\htdocs\IT0049-TC36\system\Boot.php(417): CodeIgniter\CodeIgniter->run()
#11 C:\xampp\htdocs\IT0049-TC36\system\Boot.php(68): CodeIgniter\Boot::runCodeIgniter(Object(CodeIgniter\CodeIgniter))
#12 C:\xampp\htdocs\IT0049-TC36\public\index.php(59): CodeIgniter\Boot::bootWeb(Object(Config\Paths))
#13 C:\xampp\htdocs\IT0049-TC36\system\rewrite.php(44): require_once('C:\\xampp\\htdocs...')
#14 {main}

Next CodeIgniter\Database\Exceptions\DatabaseException: No connection could be made because the target machine actively refused it in C:\xampp\htdocs\IT0049-TC36\system\Database\MySQLi\Connection.php:231
Stack trace:
#0 C:\xampp\htdocs\IT0049-TC36\system\Database\BaseConnection.php(555): CodeIgniter\Database\MySQLi\Connection->connect(false)
#1 C:\xampp\htdocs\IT0049-TC36\system\Database\BaseConnection.php(795): CodeIgniter\Database\BaseConnection->initialize()
#2 C:\xampp\htdocs\IT0049-TC36\system\Database\BaseBuilder.php(1659): CodeIgniter\Database\BaseConnection->query('SELECT *\nFROM `...', Array, false)
#3 C:\xampp\htdocs\IT0049-TC36\system\Model.php(255): CodeIgniter\Database\BaseBuilder->get()
#4 C:\xampp\htdocs\IT0049-TC36\system\BaseModel.php(676): CodeIgniter\Model->doFindAll(0, 0)
#5 C:\xampp\htdocs\IT0049-TC36\app\Controllers\Customers.php(14): CodeIgniter\BaseModel->findAll()
#6 C:\xampp\htdocs\IT0049-TC36\system\CodeIgniter.php(974): App\Controllers\Customers->index()
#7 C:\xampp\htdocs\IT0049-TC36\system\CodeIgniter.php(520): CodeIgniter\CodeIgniter->runController(Object(App\Controllers\Customers))
#8 C:\xampp\htdocs\IT0049-TC36\system\CodeIgniter.php(363): CodeIgniter\CodeIgniter->handleRequest(NULL, Object(Config\Cache), false)
#9 C:\xampp\htdocs\IT0049-TC36\system\Boot.php(417): CodeIgniter\CodeIgniter->run()
#10 C:\xampp\htdocs\IT0049-TC36\system\Boot.php(68): CodeIgniter\Boot::runCodeIgniter(Object(CodeIgniter\CodeIgniter))
#11 C:\xampp\htdocs\IT0049-TC36\public\index.php(59): CodeIgniter\Boot::bootWeb(Object(Config\Paths))
#12 C:\xampp\htdocs\IT0049-TC36\system\rewrite.php(44): require_once('C:\\xampp\\htdocs...')
#13 {main}
CRITICAL - 2026-10-06 08:46:28 --> CodeIgniter\Database\Exceptions\DatabaseException: Unable to connect to the database.
Main connection [MySQLi]: No connection could be made because the target machine actively refused it
[Method: GET, Route: customers]
in SYSTEMPATH\Database\BaseConnection.php on line 606.
 1 SYSTEMPATH\Database\BaseConnection.php(795): CodeIgniter\Database\BaseConnection->initialize()
 2 SYSTEMPATH\Database\BaseBuilder.php(1659): CodeIgniter\Database\BaseConnection->query('SELECT *
FROM `customers`', [], false)
 3 SYSTEMPATH\Model.php(255): CodeIgniter\Database\BaseBuilder->get()
 4 SYSTEMPATH\BaseModel.php(676): CodeIgniter\Model->doFindAll(0, 0)
 5 APPPATH\Controllers\Customers.php(14): CodeIgniter\BaseModel->findAll()
 6 SYSTEMPATH\CodeIgniter.php(974): App\Controllers\Customers->index()
 7 SYSTEMPATH\CodeIgniter.php(520): CodeIgniter\CodeIgniter->runController(Object(App\Controllers\Customers))
 8 SYSTEMPATH\CodeIgniter.php(363): CodeIgniter\CodeIgniter->handleRequest(null, Object(Config\Cache), false)
 9 SYSTEMPATH\Boot.php(417): CodeIgniter\CodeIgniter->run()
10 SYSTEMPATH\Boot.php(68): CodeIgniter\Boot::runCodeIgniter(Object(CodeIgniter\CodeIgniter))
11 FCPATH\index.php(59): CodeIgniter\Boot::bootWeb(Object(Config\Paths))
12 SYSTEMPATH\rewrite.php(44): require_once('C:\\xampp\\htdocs\\IT0049-TC36\\public\\index.php')
DEBUG - 2026-10-06 08:50:23 --> Session: Class initialized using 'CodeIgniter\Session\Handlers\FileHandler' driver.
DEBUG - 2026-10-06 09:09:19 --> Session: Class initialized using 'CodeIgniter\Session\Handlers\FileHandler' driver.
CRITICAL - 2026-10-06 09:09:19 --> Error: Call to undefined function validation_show_error()
[Method: GET, Route: customers/new]
in APPPATH\Views\customers\new.php on line 9.
 1 SYSTEMPATH\View\View.php(240): include()
 2 SYSTEMPATH\View\View.php(243): CodeIgniter\View\View->CodeIgniter\View\{closure}()
 3 SYSTEMPATH\Common.php(1268): CodeIgniter\View\View->render('customers/new', [], true)
 4 APPPATH\Controllers\Customers.php(20): view('customers/new')
 5 SYSTEMPATH\CodeIgniter.php(974): App\Controllers\Customers->new()
 6 SYSTEMPATH\CodeIgniter.php(520): CodeIgniter\CodeIgniter->runController(Object(App\Controllers\Customers))
 7 SYSTEMPATH\CodeIgniter.php(363): CodeIgniter\CodeIgniter->handleRequest(null, Object(Config\Cache), false)
 8 SYSTEMPATH\Boot.php(417): CodeIgniter\CodeIgniter->run()
 9 SYSTEMPATH\Boot.php(68): CodeIgniter\Boot::runCodeIgniter(Object(CodeIgniter\CodeIgniter))
10 FCPATH\index.php(59): CodeIgniter\Boot::bootWeb(Object(Config\Paths))
11 SYSTEMPATH\rewrite.php(44): require_once('C:\\xampp\\htdocs\\IT0049-TC36\\public\\index.php')
DEBUG - 2026-10-06 09:09:50 --> Session: Class initialized using 'CodeIgniter\Session\Handlers\FileHandler' driver.
CRITICAL - 2026-10-06 09:09:50 --> Error: Call to undefined function validation_show_error()
[Method: GET, Route: customers/new]
in APPPATH\Views\customers\new.php on line 9.
 1 SYSTEMPATH\View\View.php(240): include()
 2 SYSTEMPATH\View\View.php(243): CodeIgniter\View\View->CodeIgniter\View\{closure}()
 3 SYSTEMPATH\Common.php(1268): CodeIgniter\View\View->render('customers/new', [], true)
 4 APPPATH\Controllers\Customers.php(20): view('customers/new')
 5 SYSTEMPATH\CodeIgniter.php(974): App\Controllers\Customers->new()
 6 SYSTEMPATH\CodeIgniter.php(520): CodeIgniter\CodeIgniter->runController(Object(App\Controllers\Customers))
 7 SYSTEMPATH\CodeIgniter.php(363): CodeIgniter\CodeIgniter->handleRequest(null, Object(Config\Cache), false)
 8 SYSTEMPATH\Boot.php(417): CodeIgniter\CodeIgniter->run()
 9 SYSTEMPATH\Boot.php(68): CodeIgniter\Boot::runCodeIgniter(Object(CodeIgniter\CodeIgniter))
10 FCPATH\index.php(59): CodeIgniter\Boot::bootWeb(Object(Config\Paths))
11 SYSTEMPATH\rewrite.php(44): require_once('C:\\xampp\\htdocs\\IT0049-TC36\\public\\index.php')
DEBUG - 2026-10-06 09:22:55 --> Session: Class initialized using 'CodeIgniter\Session\Handlers\FileHandler' driver.
CRITICAL - 2026-10-06 09:22:55 --> Error: Call to undefined function validation_show_error()
[Method: GET, Route: customers/new]
in APPPATH\Views\customers\new.php on line 10.
 1 SYSTEMPATH\View\View.php(240): include()
 2 SYSTEMPATH\View\View.php(243): CodeIgniter\View\View->CodeIgniter\View\{closure}()
 3 SYSTEMPATH\Common.php(1268): CodeIgniter\View\View->render('customers/new', [], true)
 4 APPPATH\Controllers\Customers.php(20): view('customers/new')
 5 SYSTEMPATH\CodeIgniter.php(974): App\Controllers\Customers->new()
 6 SYSTEMPATH\CodeIgniter.php(520): CodeIgniter\CodeIgniter->runController(Object(App\Controllers\Customers))
 7 SYSTEMPATH\CodeIgniter.php(363): CodeIgniter\CodeIgniter->handleRequest(null, Object(Config\Cache), false)
 8 SYSTEMPATH\Boot.php(417): CodeIgniter\CodeIgniter->run()
 9 SYSTEMPATH\Boot.php(68): CodeIgniter\Boot::runCodeIgniter(Object(CodeIgniter\CodeIgniter))
10 FCPATH\index.php(59): CodeIgniter\Boot::bootWeb(Object(Config\Paths))
11 SYSTEMPATH\rewrite.php(44): require_once('C:\\xampp\\htdocs\\IT0049-TC36\\public\\index.php')
DEBUG - 2026-10-06 09:23:19 --> Session: Class initialized using 'CodeIgniter\Session\Handlers\FileHandler' driver.
DEBUG - 2026-10-06 09:35:28 --> Session: Class initialized using 'CodeIgniter\Session\Handlers\FileHandler' driver.
DEBUG - 2026-10-06 09:35:28 --> Session: Class initialized using 'CodeIgniter\Session\Handlers\FileHandler' driver.
DEBUG - 2026-10-06 09:35:32 --> Session: Class initialized using 'CodeIgniter\Session\Handlers\FileHandler' driver.
DEBUG - 2026-10-06 09:35:32 --> Session: Class initialized using 'CodeIgniter\Session\Handlers\FileHandler' driver.
DEBUG - 2026-10-06 09:36:05 --> Session: Class initialized using 'CodeIgniter\Session\Handlers\FileHandler' driver.
DEBUG - 2026-10-06 09:36:06 --> Session: Class initialized using 'CodeIgniter\Session\Handlers\FileHandler' driver.
DEBUG - 2026-10-06 09:36:06 --> Session: Class initialized using 'CodeIgniter\Session\Handlers\FileHandler' driver.
DEBUG - 2026-10-06 09:36:18 --> Session: Class initialized using 'CodeIgniter\Session\Handlers\FileHandler' driver.
DEBUG - 2026-10-06 09:36:19 --> Session: Class initialized using 'CodeIgniter\Session\Handlers\FileHandler' driver.
DEBUG - 2026-10-06 09:36:19 --> Session: Class initialized using 'CodeIgniter\Session\Handlers\FileHandler' driver.
DEBUG - 2026-10-06 10:07:20 --> Session: Class initialized using 'CodeIgniter\Session\Handlers\FileHandler' driver.
DEBUG - 2026-10-06 10:07:20 --> Session: Class initialized using 'CodeIgniter\Session\Handlers\FileHandler' driver.
DEBUG - 2026-10-06 11:25:08 --> Session: Class initialized using 'CodeIgniter\Session\Handlers\FileHandler' driver.
DEBUG - 2026-10-06 11:25:10 --> Session: Class initialized using 'CodeIgniter\Session\Handlers\FileHandler' driver.
DEBUG - 2026-10-06 11:25:10 --> Session: Class initialized using 'CodeIgniter\Session\Handlers\FileHandler' driver.
DEBUG - 2026-10-06 11:25:11 --> Session: Class initialized using 'CodeIgniter\Session\Handlers\FileHandler' driver.
DEBUG - 2026-10-06 11:25:12 --> Session: Class initialized using 'CodeIgniter\Session\Handlers\FileHandler' driver.
DEBUG - 2026-10-06 11:25:12 --> Session: Class initialized using 'CodeIgniter\Session\Handlers\FileHandler' driver.
CRITICAL - 2026-10-06 11:41:52 --> CodeIgniter\View\Exceptions\ViewException: Invalid file: "customers/edit.php"
[Method: GET, Route: customers/edit/1]
in SYSTEMPATH\Exceptions\FrameworkException.php on line 39.
 1 SYSTEMPATH\View\View.php(228): CodeIgniter\Exceptions\FrameworkException::forInvalidFile('customers/edit.php')
 2 SYSTEMPATH\Common.php(1268): CodeIgniter\View\View->render('customers/edit', [], true)
 3 APPPATH\Controllers\Customers.php(56): view('customers/edit', [...])
 4 SYSTEMPATH\CodeIgniter.php(974): App\Controllers\Customers->edit('1')
 5 SYSTEMPATH\CodeIgniter.php(520): CodeIgniter\CodeIgniter->runController(Object(App\Controllers\Customers))
 6 SYSTEMPATH\CodeIgniter.php(363): CodeIgniter\CodeIgniter->handleRequest(null, Object(Config\Cache), false)
 7 SYSTEMPATH\Boot.php(417): CodeIgniter\CodeIgniter->run()
 8 SYSTEMPATH\Boot.php(68): CodeIgniter\Boot::runCodeIgniter(Object(CodeIgniter\CodeIgniter))
 9 FCPATH\index.php(59): CodeIgniter\Boot::bootWeb(Object(Config\Paths))
10 SYSTEMPATH\rewrite.php(44): require_once('C:\\xampp\\htdocs\\IT0049-TC36\\public\\index.php')
DEBUG - 2026-10-06 11:43:19 --> Session: Class initialized using 'CodeIgniter\Session\Handlers\FileHandler' driver.
DEBUG - 2026-10-06 11:43:24 --> Session: Class initialized using 'CodeIgniter\Session\Handlers\FileHandler' driver.
DEBUG - 2026-10-06 11:43:26 --> Session: Class initialized using 'CodeIgniter\Session\Handlers\FileHandler' driver.
DEBUG - 2026-10-06 11:43:30 --> Session: Class initialized using 'CodeIgniter\Session\Handlers\FileHandler' driver.
DEBUG - 2026-10-06 11:43:33 --> Session: Class initialized using 'CodeIgniter\Session\Handlers\FileHandler' driver.
DEBUG - 2026-10-06 11:43:40 --> Session: Class initialized using 'CodeIgniter\Session\Handlers\FileHandler' driver.
DEBUG - 2026-10-06 11:44:12 --> Session: Class initialized using 'CodeIgniter\Session\Handlers\FileHandler' driver.
DEBUG - 2026-10-06 11:44:22 --> Session: Class initialized using 'CodeIgniter\Session\Handlers\FileHandler' driver.
DEBUG - 2026-10-06 11:44:28 --> Session: Class initialized using 'CodeIgniter\Session\Handlers\FileHandler' driver.
DEBUG - 2026-10-06 11:44:41 --> Session: Class initialized using 'CodeIgniter\Session\Handlers\FileHandler' driver.
DEBUG - 2026-10-06 11:47:39 --> Session: Class initialized using 'CodeIgniter\Session\Handlers\FileHandler' driver.
DEBUG - 2026-10-06 11:49:28 --> Session: Class initialized using 'CodeIgniter\Session\Handlers\FileHandler' driver.
DEBUG - 2026-10-06 11:49:30 --> Session: Class initialized using 'CodeIgniter\Session\Handlers\FileHandler' driver.
CRITICAL - 2026-10-06 12:06:51 --> ErrorException: Undefined array key "id"
[Method: GET, Route: users]
in APPPATH\Views\users.php on line 21.
 1 APPPATH\Views\users.php(21): CodeIgniter\Debug\Exceptions->errorHandler(2, 'Undefined array key "id"', 'C:\\xampp\\htdocs\\IT0049-TC36\\app\\Views\\users.php', 21)
 2 SYSTEMPATH\View\View.php(240): include('C:\\xampp\\htdocs\\IT0049-TC36\\app\\Views\\users.php')
 3 SYSTEMPATH\View\View.php(243): CodeIgniter\View\View->CodeIgniter\View\{closure}()
 4 SYSTEMPATH\Common.php(1268): CodeIgniter\View\View->render('users', [], true)
 5 APPPATH\Controllers\Users.php(17): view('users', [...])
 6 SYSTEMPATH\CodeIgniter.php(974): App\Controllers\Users->index()
 7 SYSTEMPATH\CodeIgniter.php(520): CodeIgniter\CodeIgniter->runController(Object(App\Controllers\Users))
 8 SYSTEMPATH\CodeIgniter.php(363): CodeIgniter\CodeIgniter->handleRequest(null, Object(Config\Cache), false)
 9 SYSTEMPATH\Boot.php(417): CodeIgniter\CodeIgniter->run()
10 SYSTEMPATH\Boot.php(68): CodeIgniter\Boot::runCodeIgniter(Object(CodeIgniter\CodeIgniter))
11 FCPATH\index.php(59): CodeIgniter\Boot::bootWeb(Object(Config\Paths))
12 SYSTEMPATH\rewrite.php(44): require_once('C:\\xampp\\htdocs\\IT0049-TC36\\public\\index.php')
DEBUG - 2026-10-06 12:08:29 --> Session: Class initialized using 'CodeIgniter\Session\Handlers\FileHandler' driver.
CRITICAL - 2026-10-06 12:08:32 --> ErrorException: Undefined variable $user
[Method: GET, Route: users/edit/1]
in APPPATH\Controllers\Users.php on line 52.
 1 APPPATH\Controllers\Users.php(52): CodeIgniter\Debug\Exceptions->errorHandler(2, 'Undefined variable $user', 'C:\\xampp\\htdocs\\IT0049-TC36\\app\\Controllers\\Users.php', 52)
 2 SYSTEMPATH\CodeIgniter.php(974): App\Controllers\Users->edit('1')
 3 SYSTEMPATH\CodeIgniter.php(520): CodeIgniter\CodeIgniter->runController(Object(App\Controllers\Users))
 4 SYSTEMPATH\CodeIgniter.php(363): CodeIgniter\CodeIgniter->handleRequest(null, Object(Config\Cache), false)
 5 SYSTEMPATH\Boot.php(417): CodeIgniter\CodeIgniter->run()
 6 SYSTEMPATH\Boot.php(68): CodeIgniter\Boot::runCodeIgniter(Object(CodeIgniter\CodeIgniter))
 7 FCPATH\index.php(59): CodeIgniter\Boot::bootWeb(Object(Config\Paths))
 8 SYSTEMPATH\rewrite.php(44): require_once('C:\\xampp\\htdocs\\IT0049-TC36\\public\\index.php')
CRITICAL - 2026-10-06 12:09:15 --> ErrorException: Undefined variable $users
[Method: GET, Route: users/edit/1]
in APPPATH\Views\users\edit.php on line 3.
 1 APPPATH\Views\users\edit.php(3): CodeIgniter\Debug\Exceptions->errorHandler(2, 'Undefined variable $users', 'C:\\xampp\\htdocs\\IT0049-TC36\\app\\Views\\users\\edit.php', 3)
 2 SYSTEMPATH\View\View.php(240): include('C:\\xampp\\htdocs\\IT0049-TC36\\app\\Views\\users\\edit.php')
 3 SYSTEMPATH\View\View.php(243): CodeIgniter\View\View->CodeIgniter\View\{closure}()
 4 SYSTEMPATH\Common.php(1268): CodeIgniter\View\View->render('users/edit', [], true)
 5 APPPATH\Controllers\Users.php(55): view('users/edit', [...])
 6 SYSTEMPATH\CodeIgniter.php(974): App\Controllers\Users->edit('1')
 7 SYSTEMPATH\CodeIgniter.php(520): CodeIgniter\CodeIgniter->runController(Object(App\Controllers\Users))
 8 SYSTEMPATH\CodeIgniter.php(363): CodeIgniter\CodeIgniter->handleRequest(null, Object(Config\Cache), false)
 9 SYSTEMPATH\Boot.php(417): CodeIgniter\CodeIgniter->run()
10 SYSTEMPATH\Boot.php(68): CodeIgniter\Boot::runCodeIgniter(Object(CodeIgniter\CodeIgniter))
11 FCPATH\index.php(59): CodeIgniter\Boot::bootWeb(Object(Config\Paths))
12 SYSTEMPATH\rewrite.php(44): require_once('C:\\xampp\\htdocs\\IT0049-TC36\\public\\index.php')
CRITICAL - 2026-10-06 12:10:14 --> ErrorException: Undefined variable $customer
[Method: GET, Route: users/edit/1]
in APPPATH\Views\users\edit.php on line 8.
 1 APPPATH\Views\users\edit.php(8): CodeIgniter\Debug\Exceptions->errorHandler(2, 'Undefined variable $customer', 'C:\\xampp\\htdocs\\IT0049-TC36\\app\\Views\\users\\edit.php', 8)
 2 SYSTEMPATH\View\View.php(240): include('C:\\xampp\\htdocs\\IT0049-TC36\\app\\Views\\users\\edit.php')
 3 SYSTEMPATH\View\View.php(243): CodeIgniter\View\View->CodeIgniter\View\{closure}()
 4 SYSTEMPATH\Common.php(1268): CodeIgniter\View\View->render('users/edit', [], true)
 5 APPPATH\Controllers\Users.php(55): view('users/edit', [...])
 6 SYSTEMPATH\CodeIgniter.php(974): App\Controllers\Users->edit('1')
 7 SYSTEMPATH\CodeIgniter.php(520): CodeIgniter\CodeIgniter->runController(Object(App\Controllers\Users))
 8 SYSTEMPATH\CodeIgniter.php(363): CodeIgniter\CodeIgniter->handleRequest(null, Object(Config\Cache), false)
 9 SYSTEMPATH\Boot.php(417): CodeIgniter\CodeIgniter->run()
10 SYSTEMPATH\Boot.php(68): CodeIgniter\Boot::runCodeIgniter(Object(CodeIgniter\CodeIgniter))
11 FCPATH\index.php(59): CodeIgniter\Boot::bootWeb(Object(Config\Paths))
12 SYSTEMPATH\rewrite.php(44): require_once('C:\\xampp\\htdocs\\IT0049-TC36\\public\\index.php')
DEBUG - 2026-10-06 12:10:33 --> Session: Class initialized using 'CodeIgniter\Session\Handlers\FileHandler' driver.
DEBUG - 2026-10-06 12:10:46 --> Session: Class initialized using 'CodeIgniter\Session\Handlers\FileHandler' driver.
DEBUG - 2026-10-06 12:10:49 --> Session: Class initialized using 'CodeIgniter\Session\Handlers\FileHandler' driver.
DEBUG - 2026-10-06 12:10:52 --> Session: Class initialized using 'CodeIgniter\Session\Handlers\FileHandler' driver.
DEBUG - 2026-10-06 12:11:02 --> Session: Class initialized using 'CodeIgniter\Session\Handlers\FileHandler' driver.
DEBUG - 2026-10-06 12:12:07 --> Session: Class initialized using 'CodeIgniter\Session\Handlers\FileHandler' driver.
DEBUG - 2026-10-06 12:12:37 --> Session: Class initialized using 'CodeIgniter\Session\Handlers\FileHandler' driver.
DEBUG - 2026-10-06 12:12:39 --> Session: Class initialized using 'CodeIgniter\Session\Handlers\FileHandler' driver.
DEBUG - 2026-10-06 12:12:42 --> Session: Class initialized using 'CodeIgniter\Session\Handlers\FileHandler' driver.
DEBUG - 2026-10-06 12:12:53 --> Session: Class initialized using 'CodeIgniter\Session\Handlers\FileHandler' driver.
DEBUG - 2026-10-06 12:12:59 --> Session: Class initialized using 'CodeIgniter\Session\Handlers\FileHandler' driver.
DEBUG - 2026-10-06 12:13:05 --> Session: Class initialized using 'CodeIgniter\Session\Handlers\FileHandler' driver.
DEBUG - 2026-10-06 12:24:00 --> Session: Class initialized using 'CodeIgniter\Session\Handlers\FileHandler' driver.
DEBUG - 2026-10-06 12:24:08 --> Session: Class initialized using 'CodeIgniter\Session\Handlers\FileHandler' driver.
DEBUG - 2026-10-06 12:24:13 --> Session: Class initialized using 'CodeIgniter\Session\Handlers\FileHandler' driver.
DEBUG - 2026-10-06 12:24:22 --> Session: Class initialized using 'CodeIgniter\Session\Handlers\FileHandler' driver.
DEBUG - 2026-10-06 12:25:09 --> Session: Class initialized using 'CodeIgniter\Session\Handlers\FileHandler' driver.
DEBUG - 2026-10-06 12:25:11 --> Session: Class initialized using 'CodeIgniter\Session\Handlers\FileHandler' driver.
DEBUG - 2026-10-06 12:25:13 --> Session: Class initialized using 'CodeIgniter\Session\Handlers\FileHandler' driver.
DEBUG - 2026-10-06 12:25:15 --> Session: Class initialized using 'CodeIgniter\Session\Handlers\FileHandler' driver.
DEBUG - 2026-10-06 12:25:19 --> Session: Class initialized using 'CodeIgniter\Session\Handlers\FileHandler' driver.
DEBUG - 2026-10-06 12:25:21 --> Session: Class initialized using 'CodeIgniter\Session\Handlers\FileHandler' driver.
DEBUG - 2026-10-06 12:43:10 --> Session: Class initialized using 'CodeIgniter\Session\Handlers\FileHandler' driver.
DEBUG - 2026-10-06 12:47:29 --> Session: Class initialized using 'CodeIgniter\Session\Handlers\FileHandler' driver.
DEBUG - 2026-10-06 12:47:33 --> Session: Class initialized using 'CodeIgniter\Session\Handlers\FileHandler' driver.
DEBUG - 2026-10-06 12:49:31 --> Session: Class initialized using 'CodeIgniter\Session\Handlers\FileHandler' driver.
DEBUG - 2026-10-06 12:50:04 --> Session: Class initialized using 'CodeIgniter\Session\Handlers\FileHandler' driver.
DEBUG - 2026-10-06 12:50:27 --> Session: Class initialized using 'CodeIgniter\Session\Handlers\FileHandler' driver.
DEBUG - 2026-10-06 12:50:32 --> Session: Class initialized using 'CodeIgniter\Session\Handlers\FileHandler' driver.
DEBUG - 2026-10-06 12:50:39 --> Session: Class initialized using 'CodeIgniter\Session\Handlers\FileHandler' driver.
DEBUG - 2026-10-06 12:52:51 --> Session: Class initialized using 'CodeIgniter\Session\Handlers\FileHandler' driver.
DEBUG - 2026-10-06 12:52:52 --> Session: Class initialized using 'CodeIgniter\Session\Handlers\FileHandler' driver.
DEBUG - 2026-10-06 12:52:56 --> Session: Class initialized using 'CodeIgniter\Session\Handlers\FileHandler' driver.
DEBUG - 2026-10-06 12:54:53 --> Session: Class initialized using 'CodeIgniter\Session\Handlers\FileHandler' driver.
DEBUG - 2026-10-06 12:54:55 --> Session: Class initialized using 'CodeIgniter\Session\Handlers\FileHandler' driver.
DEBUG - 2026-10-06 12:56:31 --> Session: Class initialized using 'CodeIgniter\Session\Handlers\FileHandler' driver.
DEBUG - 2026-10-06 12:56:34 --> Session: Class initialized using 'CodeIgniter\Session\Handlers\FileHandler' driver.
DEBUG - 2026-10-06 13:13:24 --> Session: Class initialized using 'CodeIgniter\Session\Handlers\FileHandler' driver.
CRITICAL - 2026-10-06 13:13:27 --> CodeIgniter\Images\Exceptions\ImageException: The framework needs the following extension(s) installed and loaded: "GD".
[Method: POST, Route: users/update/1]
in SYSTEMPATH\Exceptions\FrameworkException.php on line 76.
 1 SYSTEMPATH\Images\Handlers\GDHandler.php(36): CodeIgniter\Exceptions\FrameworkException::forMissingExtension('GD')
 2 SYSTEMPATH\Config\Services.php(351): CodeIgniter\Images\Handlers\GDHandler->__construct(Object(Config\Images))
 3 SYSTEMPATH\Config\BaseService.php(325): CodeIgniter\Config\Services::image('gd', Object(Config\Images), false)
 4 SYSTEMPATH\Config\BaseService.php(264): CodeIgniter\Config\BaseService::__callStatic('image', [...])
 5 SYSTEMPATH\Config\Services.php(342): CodeIgniter\Config\BaseService::getSharedInstance('image', null, null)
 6 SYSTEMPATH\Config\BaseService.php(334): CodeIgniter\Config\Services::image()
 7 SYSTEMPATH\Config\BaseService.php(203): CodeIgniter\Config\BaseService::__callStatic('image', [])
 8 SYSTEMPATH\Common.php(1096): CodeIgniter\Config\BaseService::get('image')
 9 APPPATH\Controllers\Users.php(91): service('image')
10 SYSTEMPATH\CodeIgniter.php(974): App\Controllers\Users->update('1')
11 SYSTEMPATH\CodeIgniter.php(520): CodeIgniter\CodeIgniter->runController(Object(App\Controllers\Users))
12 SYSTEMPATH\CodeIgniter.php(363): CodeIgniter\CodeIgniter->handleRequest(null, Object(Config\Cache), false)
13 SYSTEMPATH\Boot.php(417): CodeIgniter\CodeIgniter->run()
14 SYSTEMPATH\Boot.php(68): CodeIgniter\Boot::runCodeIgniter(Object(CodeIgniter\CodeIgniter))
15 FCPATH\index.php(59): CodeIgniter\Boot::bootWeb(Object(Config\Paths))
16 SYSTEMPATH\rewrite.php(44): require_once('C:\\xampp\\htdocs\\IT0049-TC36\\public\\index.php')
DEBUG - 2026-10-06 15:23:08 --> Session: Class initialized using 'CodeIgniter\Session\Handlers\FileHandler' driver.
DEBUG - 2026-10-06 15:23:10 --> Session: Class initialized using 'CodeIgniter\Session\Handlers\FileHandler' driver.
DEBUG - 2026-10-06 15:23:12 --> Session: Class initialized using 'CodeIgniter\Session\Handlers\FileHandler' driver.
CRITICAL - 2026-10-06 15:23:15 --> CodeIgniter\Images\Exceptions\ImageException: The framework needs the following extension(s) installed and loaded: "GD".
[Method: POST, Route: users/update/1]
in SYSTEMPATH\Exceptions\FrameworkException.php on line 76.
 1 SYSTEMPATH\Images\Handlers\GDHandler.php(36): CodeIgniter\Exceptions\FrameworkException::forMissingExtension('GD')
 2 SYSTEMPATH\Config\Services.php(351): CodeIgniter\Images\Handlers\GDHandler->__construct(Object(Config\Images))
 3 SYSTEMPATH\Config\BaseService.php(325): CodeIgniter\Config\Services::image('gd', Object(Config\Images), false)
 4 SYSTEMPATH\Config\BaseService.php(264): CodeIgniter\Config\BaseService::__callStatic('image', [...])
 5 SYSTEMPATH\Config\Services.php(342): CodeIgniter\Config\BaseService::getSharedInstance('image', null, null)
 6 SYSTEMPATH\Config\BaseService.php(334): CodeIgniter\Config\Services::image()
 7 SYSTEMPATH\Config\BaseService.php(203): CodeIgniter\Config\BaseService::__callStatic('image', [])
 8 SYSTEMPATH\Common.php(1096): CodeIgniter\Config\BaseService::get('image')
 9 APPPATH\Controllers\Users.php(91): service('image')
10 SYSTEMPATH\CodeIgniter.php(974): App\Controllers\Users->update('1')
11 SYSTEMPATH\CodeIgniter.php(520): CodeIgniter\CodeIgniter->runController(Object(App\Controllers\Users))
12 SYSTEMPATH\CodeIgniter.php(363): CodeIgniter\CodeIgniter->handleRequest(null, Object(Config\Cache), false)
13 SYSTEMPATH\Boot.php(417): CodeIgniter\CodeIgniter->run()
14 SYSTEMPATH\Boot.php(68): CodeIgniter\Boot::runCodeIgniter(Object(CodeIgniter\CodeIgniter))
15 FCPATH\index.php(59): CodeIgniter\Boot::bootWeb(Object(Config\Paths))
16 SYSTEMPATH\rewrite.php(44): require_once('C:\\xampp\\htdocs\\IT0049-TC36\\public\\index.php')
DEBUG - 2026-10-06 15:23:36 --> Session: Class initialized using 'CodeIgniter\Session\Handlers\FileHandler' driver.
DEBUG - 2026-10-06 15:23:54 --> Session: Class initialized using 'CodeIgniter\Session\Handlers\FileHandler' driver.
CRITICAL - 2026-10-06 15:23:58 --> CodeIgniter\Images\Exceptions\ImageException: The framework needs the following extension(s) installed and loaded: "GD".
[Method: POST, Route: users/update/1]
in SYSTEMPATH\Exceptions\FrameworkException.php on line 76.
 1 SYSTEMPATH\Images\Handlers\GDHandler.php(36): CodeIgniter\Exceptions\FrameworkException::forMissingExtension('GD')
 2 SYSTEMPATH\Config\Services.php(351): CodeIgniter\Images\Handlers\GDHandler->__construct(Object(Config\Images))
 3 SYSTEMPATH\Config\BaseService.php(325): CodeIgniter\Config\Services::image('gd', Object(Config\Images), false)
 4 SYSTEMPATH\Config\BaseService.php(264): CodeIgniter\Config\BaseService::__callStatic('image', [...])
 5 SYSTEMPATH\Config\Services.php(342): CodeIgniter\Config\BaseService::getSharedInstance('image', null, null)
 6 SYSTEMPATH\Config\BaseService.php(334): CodeIgniter\Config\Services::image()
 7 SYSTEMPATH\Config\BaseService.php(203): CodeIgniter\Config\BaseService::__callStatic('image', [])
 8 SYSTEMPATH\Common.php(1096): CodeIgniter\Config\BaseService::get('image')
 9 APPPATH\Controllers\Users.php(91): service('image')
10 SYSTEMPATH\CodeIgniter.php(974): App\Controllers\Users->update('1')
11 SYSTEMPATH\CodeIgniter.php(520): CodeIgniter\CodeIgniter->runController(Object(App\Controllers\Users))
12 SYSTEMPATH\CodeIgniter.php(363): CodeIgniter\CodeIgniter->handleRequest(null, Object(Config\Cache), false)
13 SYSTEMPATH\Boot.php(417): CodeIgniter\CodeIgniter->run()
14 SYSTEMPATH\Boot.php(68): CodeIgniter\Boot::runCodeIgniter(Object(CodeIgniter\CodeIgniter))
15 FCPATH\index.php(59): CodeIgniter\Boot::bootWeb(Object(Config\Paths))
16 SYSTEMPATH\rewrite.php(44): require_once('C:\\xampp\\htdocs\\IT0049-TC36\\public\\index.php')
DEBUG - 2026-10-06 15:29:08 --> Session: Class initialized using 'CodeIgniter\Session\Handlers\FileHandler' driver.
DEBUG - 2026-10-06 15:29:11 --> Session: Class initialized using 'CodeIgniter\Session\Handlers\FileHandler' driver.
CRITICAL - 2026-10-06 15:29:13 --> CodeIgniter\Images\Exceptions\ImageException: The framework needs the following extension(s) installed and loaded: "GD".
[Method: POST, Route: users/update/3]
in SYSTEMPATH\Exceptions\FrameworkException.php on line 76.
 1 SYSTEMPATH\Images\Handlers\GDHandler.php(36): CodeIgniter\Exceptions\FrameworkException::forMissingExtension('GD')
 2 SYSTEMPATH\Config\Services.php(351): CodeIgniter\Images\Handlers\GDHandler->__construct(Object(Config\Images))
 3 SYSTEMPATH\Config\BaseService.php(325): CodeIgniter\Config\Services::image('gd', Object(Config\Images), false)
 4 SYSTEMPATH\Config\BaseService.php(264): CodeIgniter\Config\BaseService::__callStatic('image', [...])
 5 SYSTEMPATH\Config\Services.php(342): CodeIgniter\Config\BaseService::getSharedInstance('image', null, null)
 6 SYSTEMPATH\Config\BaseService.php(334): CodeIgniter\Config\Services::image()
 7 SYSTEMPATH\Config\BaseService.php(203): CodeIgniter\Config\BaseService::__callStatic('image', [])
 8 SYSTEMPATH\Common.php(1096): CodeIgniter\Config\BaseService::get('image')
 9 APPPATH\Controllers\Users.php(96): service('image')
10 SYSTEMPATH\CodeIgniter.php(974): App\Controllers\Users->update('3')
11 SYSTEMPATH\CodeIgniter.php(520): CodeIgniter\CodeIgniter->runController(Object(App\Controllers\Users))
12 SYSTEMPATH\CodeIgniter.php(363): CodeIgniter\CodeIgniter->handleRequest(null, Object(Config\Cache), false)
13 SYSTEMPATH\Boot.php(417): CodeIgniter\CodeIgniter->run()
14 SYSTEMPATH\Boot.php(68): CodeIgniter\Boot::runCodeIgniter(Object(CodeIgniter\CodeIgniter))
15 FCPATH\index.php(59): CodeIgniter\Boot::bootWeb(Object(Config\Paths))
16 SYSTEMPATH\rewrite.php(44): require_once('C:\\xampp\\htdocs\\IT0049-TC36\\public\\index.php')
DEBUG - 2026-10-06 15:33:04 --> Session: Class initialized using 'CodeIgniter\Session\Handlers\FileHandler' driver.
CRITICAL - 2026-10-06 15:33:07 --> CodeIgniter\Images\Exceptions\ImageException: The framework needs the following extension(s) installed and loaded: "GD".
[Method: POST, Route: users/update/1]
in SYSTEMPATH\Exceptions\FrameworkException.php on line 76.
 1 SYSTEMPATH\Images\Handlers\GDHandler.php(36): CodeIgniter\Exceptions\FrameworkException::forMissingExtension('GD')
 2 SYSTEMPATH\Config\Services.php(351): CodeIgniter\Images\Handlers\GDHandler->__construct(Object(Config\Images))
 3 SYSTEMPATH\Config\BaseService.php(325): CodeIgniter\Config\Services::image('gd', Object(Config\Images), false)
 4 SYSTEMPATH\Config\BaseService.php(264): CodeIgniter\Config\BaseService::__callStatic('image', [...])
 5 SYSTEMPATH\Config\Services.php(342): CodeIgniter\Config\BaseService::getSharedInstance('image', null, null)
 6 SYSTEMPATH\Config\BaseService.php(334): CodeIgniter\Config\Services::image()
 7 SYSTEMPATH\Config\BaseService.php(203): CodeIgniter\Config\BaseService::__callStatic('image', [])
 8 SYSTEMPATH\Common.php(1096): CodeIgniter\Config\BaseService::get('image')
 9 APPPATH\Controllers\Users.php(92): service('image')
10 SYSTEMPATH\CodeIgniter.php(974): App\Controllers\Users->update('1')
11 SYSTEMPATH\CodeIgniter.php(520): CodeIgniter\CodeIgniter->runController(Object(App\Controllers\Users))
12 SYSTEMPATH\CodeIgniter.php(363): CodeIgniter\CodeIgniter->handleRequest(null, Object(Config\Cache), false)
13 SYSTEMPATH\Boot.php(417): CodeIgniter\CodeIgniter->run()
14 SYSTEMPATH\Boot.php(68): CodeIgniter\Boot::runCodeIgniter(Object(CodeIgniter\CodeIgniter))
15 FCPATH\index.php(59): CodeIgniter\Boot::bootWeb(Object(Config\Paths))
16 SYSTEMPATH\rewrite.php(44): require_once('C:\\xampp\\htdocs\\IT0049-TC36\\public\\index.php')
DEBUG - 2026-10-06 15:37:26 --> Session: Class initialized using 'CodeIgniter\Session\Handlers\FileHandler' driver.
DEBUG - 2026-10-06 15:37:28 --> Session: Class initialized using 'CodeIgniter\Session\Handlers\FileHandler' driver.
DEBUG - 2026-10-06 15:42:38 --> Session: Class initialized using 'CodeIgniter\Session\Handlers\FileHandler' driver.
DEBUG - 2026-10-06 15:42:41 --> Session: Class initialized using 'CodeIgniter\Session\Handlers\FileHandler' driver.
DEBUG - 2026-10-06 15:44:39 --> Session: Class initialized using 'CodeIgniter\Session\Handlers\FileHandler' driver.
DEBUG - 2026-10-06 15:44:42 --> Session: Class initialized using 'CodeIgniter\Session\Handlers\FileHandler' driver.
DEBUG - 2026-10-06 15:47:14 --> Session: Class initialized using 'CodeIgniter\Session\Handlers\FileHandler' driver.
CRITICAL - 2026-10-06 15:47:16 --> TypeError: CodeIgniter\Validation\StrictRules\FileRules::max_size(): Argument #1 ($blank) must be of type ?string, CodeIgniter\HTTP\Files\UploadedFile given, called in C:\xampp\htdocs\IT0049-TC36\system\Validation\Validation.php on line 345
[Method: POST, Route: users/update/1]
in SYSTEMPATH\Validation\StrictRules\FileRules.php on line 86.
 1 SYSTEMPATH\Validation\Validation.php(345): CodeIgniter\Validation\StrictRules\FileRules->max_size(Object(CodeIgniter\HTTP\Files\UploadedFile), 'avatar,2048', [...], null, 'avatar')
 2 SYSTEMPATH\Validation\Validation.php(210): CodeIgniter\Validation\Validation->processRules('avatar', 'avatar', Object(CodeIgniter\HTTP\Files\UploadedFile), [...], [...], 'avatar')
 3 SYSTEMPATH\Controller.php(151): CodeIgniter\Validation\Validation->run([...], null, null)
 4 APPPATH\Controllers\Users.php(79): CodeIgniter\Controller->validateData([...], [...])
 5 SYSTEMPATH\CodeIgniter.php(974): App\Controllers\Users->update('1')
 6 SYSTEMPATH\CodeIgniter.php(520): CodeIgniter\CodeIgniter->runController(Object(App\Controllers\Users))
 7 SYSTEMPATH\CodeIgniter.php(363): CodeIgniter\CodeIgniter->handleRequest(null, Object(Config\Cache), false)
 8 SYSTEMPATH\Boot.php(417): CodeIgniter\CodeIgniter->run()
 9 SYSTEMPATH\Boot.php(68): CodeIgniter\Boot::runCodeIgniter(Object(CodeIgniter\CodeIgniter))
10 FCPATH\index.php(59): CodeIgniter\Boot::bootWeb(Object(Config\Paths))
11 SYSTEMPATH\rewrite.php(44): require_once('C:\\xampp\\htdocs\\IT0049-TC36\\public\\index.php')
DEBUG - 2026-10-06 15:47:59 --> Session: Class initialized using 'CodeIgniter\Session\Handlers\FileHandler' driver.
ERROR - 2026-10-06 15:59:48 --> Error connecting to the database: mysqli_sql_exception: No connection could be made because the target machine actively refused it in C:\xampp\htdocs\IT0049-TC36\system\Database\MySQLi\Connection.php:201
Stack trace:
#0 C:\xampp\htdocs\IT0049-TC36\system\Database\MySQLi\Connection.php(201): mysqli->real_connect('localhost', 'root', Object(SensitiveParameterValue), 'technical', 3306, '', 0)
#1 C:\xampp\htdocs\IT0049-TC36\system\Database\BaseConnection.php(555): CodeIgniter\Database\MySQLi\Connection->connect(false)
#2 C:\xampp\htdocs\IT0049-TC36\system\Database\BaseConnection.php(795): CodeIgniter\Database\BaseConnection->initialize()
#3 C:\xampp\htdocs\IT0049-TC36\system\Database\BaseBuilder.php(1659): CodeIgniter\Database\BaseConnection->query('SELECT *\nFROM `...', Array, false)
#4 C:\xampp\htdocs\IT0049-TC36\system\Model.php(255): CodeIgniter\Database\BaseBuilder->get()
#5 C:\xampp\htdocs\IT0049-TC36\system\BaseModel.php(676): CodeIgniter\Model->doFindAll(0, 0)
#6 C:\xampp\htdocs\IT0049-TC36\app\Controllers\Users.php(14): CodeIgniter\BaseModel->findAll()
#7 C:\xampp\htdocs\IT0049-TC36\system\CodeIgniter.php(974): App\Controllers\Users->index()
#8 C:\xampp\htdocs\IT0049-TC36\system\CodeIgniter.php(520): CodeIgniter\CodeIgniter->runController(Object(App\Controllers\Users))
#9 C:\xampp\htdocs\IT0049-TC36\system\CodeIgniter.php(363): CodeIgniter\CodeIgniter->handleRequest(NULL, Object(Config\Cache), false)
#10 C:\xampp\htdocs\IT0049-TC36\system\Boot.php(417): CodeIgniter\CodeIgniter->run()
#11 C:\xampp\htdocs\IT0049-TC36\system\Boot.php(68): CodeIgniter\Boot::runCodeIgniter(Object(CodeIgniter\CodeIgniter))
#12 C:\xampp\htdocs\IT0049-TC36\public\index.php(59): CodeIgniter\Boot::bootWeb(Object(Config\Paths))
#13 C:\xampp\htdocs\IT0049-TC36\system\rewrite.php(44): require_once('C:\\xampp\\htdocs...')
#14 {main}

Next CodeIgniter\Database\Exceptions\DatabaseException: No connection could be made because the target machine actively refused it in C:\xampp\htdocs\IT0049-TC36\system\Database\MySQLi\Connection.php:231
Stack trace:
#0 C:\xampp\htdocs\IT0049-TC36\system\Database\BaseConnection.php(555): CodeIgniter\Database\MySQLi\Connection->connect(false)
#1 C:\xampp\htdocs\IT0049-TC36\system\Database\BaseConnection.php(795): CodeIgniter\Database\BaseConnection->initialize()
#2 C:\xampp\htdocs\IT0049-TC36\system\Database\BaseBuilder.php(1659): CodeIgniter\Database\BaseConnection->query('SELECT *\nFROM `...', Array, false)
#3 C:\xampp\htdocs\IT0049-TC36\system\Model.php(255): CodeIgniter\Database\BaseBuilder->get()
#4 C:\xampp\htdocs\IT0049-TC36\system\BaseModel.php(676): CodeIgniter\Model->doFindAll(0, 0)
#5 C:\xampp\htdocs\IT0049-TC36\app\Controllers\Users.php(14): CodeIgniter\BaseModel->findAll()
#6 C:\xampp\htdocs\IT0049-TC36\system\CodeIgniter.php(974): App\Controllers\Users->index()
#7 C:\xampp\htdocs\IT0049-TC36\system\CodeIgniter.php(520): CodeIgniter\CodeIgniter->runController(Object(App\Controllers\Users))
#8 C:\xampp\htdocs\IT0049-TC36\system\CodeIgniter.php(363): CodeIgniter\CodeIgniter->handleRequest(NULL, Object(Config\Cache), false)
#9 C:\xampp\htdocs\IT0049-TC36\system\Boot.php(417): CodeIgniter\CodeIgniter->run()
#10 C:\xampp\htdocs\IT0049-TC36\system\Boot.php(68): CodeIgniter\Boot::runCodeIgniter(Object(CodeIgniter\CodeIgniter))
#11 C:\xampp\htdocs\IT0049-TC36\public\index.php(59): CodeIgniter\Boot::bootWeb(Object(Config\Paths))
#12 C:\xampp\htdocs\IT0049-TC36\system\rewrite.php(44): require_once('C:\\xampp\\htdocs...')
#13 {main}
CRITICAL - 2026-10-06 15:59:48 --> CodeIgniter\Database\Exceptions\DatabaseException: Unable to connect to the database.
Main connection [MySQLi]: No connection could be made because the target machine actively refused it
[Method: GET, Route: users]
in SYSTEMPATH\Database\BaseConnection.php on line 606.
 1 SYSTEMPATH\Database\BaseConnection.php(795): CodeIgniter\Database\BaseConnection->initialize()
 2 SYSTEMPATH\Database\BaseBuilder.php(1659): CodeIgniter\Database\BaseConnection->query('SELECT *
FROM `users`', [], false)
 3 SYSTEMPATH\Model.php(255): CodeIgniter\Database\BaseBuilder->get()
 4 SYSTEMPATH\BaseModel.php(676): CodeIgniter\Model->doFindAll(0, 0)
 5 APPPATH\Controllers\Users.php(14): CodeIgniter\BaseModel->findAll()
 6 SYSTEMPATH\CodeIgniter.php(974): App\Controllers\Users->index()
 7 SYSTEMPATH\CodeIgniter.php(520): CodeIgniter\CodeIgniter->runController(Object(App\Controllers\Users))
 8 SYSTEMPATH\CodeIgniter.php(363): CodeIgniter\CodeIgniter->handleRequest(null, Object(Config\Cache), false)
 9 SYSTEMPATH\Boot.php(417): CodeIgniter\CodeIgniter->run()
10 SYSTEMPATH\Boot.php(68): CodeIgniter\Boot::runCodeIgniter(Object(CodeIgniter\CodeIgniter))
11 FCPATH\index.php(59): CodeIgniter\Boot::bootWeb(Object(Config\Paths))
12 SYSTEMPATH\rewrite.php(44): require_once('C:\\xampp\\htdocs\\IT0049-TC36\\public\\index.php')
ERROR - 2026-10-06 15:59:56 --> Error connecting to the database: ErrorException: mysqli::real_connect(): Error while reading greeting packet. PID=12924 in C:\xampp\htdocs\IT0049-TC36\system\Database\MySQLi\Connection.php:201
Stack trace:
#0 [internal function]: CodeIgniter\Debug\Exceptions->errorHandler(2, 'mysqli::real_co...', 'C:\\xampp\\htdocs...', 201)
#1 C:\xampp\htdocs\IT0049-TC36\system\Database\MySQLi\Connection.php(201): mysqli->real_connect('localhost', 'root', Object(SensitiveParameterValue), 'technical', 3306, '', 0)
#2 C:\xampp\htdocs\IT0049-TC36\system\Database\BaseConnection.php(555): CodeIgniter\Database\MySQLi\Connection->connect(false)
#3 C:\xampp\htdocs\IT0049-TC36\system\Database\BaseConnection.php(795): CodeIgniter\Database\BaseConnection->initialize()
#4 C:\xampp\htdocs\IT0049-TC36\system\Database\BaseBuilder.php(1659): CodeIgniter\Database\BaseConnection->query('SELECT *\nFROM `...', Array, false)
#5 C:\xampp\htdocs\IT0049-TC36\system\Model.php(255): CodeIgniter\Database\BaseBuilder->get()
#6 C:\xampp\htdocs\IT0049-TC36\system\BaseModel.php(676): CodeIgniter\Model->doFindAll(0, 0)
#7 C:\xampp\htdocs\IT0049-TC36\app\Controllers\Users.php(14): CodeIgniter\BaseModel->findAll()
#8 C:\xampp\htdocs\IT0049-TC36\system\CodeIgniter.php(974): App\Controllers\Users->index()
#9 C:\xampp\htdocs\IT0049-TC36\system\CodeIgniter.php(520): CodeIgniter\CodeIgniter->runController(Object(App\Controllers\Users))
#10 C:\xampp\htdocs\IT0049-TC36\system\CodeIgniter.php(363): CodeIgniter\CodeIgniter->handleRequest(NULL, Object(Config\Cache), false)
#11 C:\xampp\htdocs\IT0049-TC36\system\Boot.php(417): CodeIgniter\CodeIgniter->run()
#12 C:\xampp\htdocs\IT0049-TC36\system\Boot.php(68): CodeIgniter\Boot::runCodeIgniter(Object(CodeIgniter\CodeIgniter))
#13 C:\xampp\htdocs\IT0049-TC36\public\index.php(59): CodeIgniter\Boot::bootWeb(Object(Config\Paths))
#14 C:\xampp\htdocs\IT0049-TC36\system\rewrite.php(44): require_once('C:\\xampp\\htdocs...')
#15 {main}

Next mysqli_sql_exception: MySQL server has gone away in C:\xampp\htdocs\IT0049-TC36\system\Database\MySQLi\Connection.php:201
Stack trace:
#0 C:\xampp\htdocs\IT0049-TC36\system\Database\MySQLi\Connection.php(201): mysqli->real_connect('localhost', 'root', Object(SensitiveParameterValue), 'technical', 3306, '', 0)
#1 C:\xampp\htdocs\IT0049-TC36\system\Database\BaseConnection.php(555): CodeIgniter\Database\MySQLi\Connection->connect(false)
#2 C:\xampp\htdocs\IT0049-TC36\system\Database\BaseConnection.php(795): CodeIgniter\Database\BaseConnection->initialize()
#3 C:\xampp\htdocs\IT0049-TC36\system\Database\BaseBuilder.php(1659): CodeIgniter\Database\BaseConnection->query('SELECT *\nFROM `...', Array, false)
#4 C:\xampp\htdocs\IT0049-TC36\system\Model.php(255): CodeIgniter\Database\BaseBuilder->get()
#5 C:\xampp\htdocs\IT0049-TC36\system\BaseModel.php(676): CodeIgniter\Model->doFindAll(0, 0)
#6 C:\xampp\htdocs\IT0049-TC36\app\Controllers\Users.php(14): CodeIgniter\BaseModel->findAll()
#7 C:\xampp\htdocs\IT0049-TC36\system\CodeIgniter.php(974): App\Controllers\Users->index()
#8 C:\xampp\htdocs\IT0049-TC36\system\CodeIgniter.php(520): CodeIgniter\CodeIgniter->runController(Object(App\Controllers\Users))
#9 C:\xampp\htdocs\IT0049-TC36\system\CodeIgniter.php(363): CodeIgniter\CodeIgniter->handleRequest(NULL, Object(Config\Cache), false)
#10 C:\xampp\htdocs\IT0049-TC36\system\Boot.php(417): CodeIgniter\CodeIgniter->run()
#11 C:\xampp\htdocs\IT0049-TC36\system\Boot.php(68): CodeIgniter\Boot::runCodeIgniter(Object(CodeIgniter\CodeIgniter))
#12 C:\xampp\htdocs\IT0049-TC36\public\index.php(59): CodeIgniter\Boot::bootWeb(Object(Config\Paths))
#13 C:\xampp\htdocs\IT0049-TC36\system\rewrite.php(44): require_once('C:\\xampp\\htdocs...')
#14 {main}

Next CodeIgniter\Database\Exceptions\DatabaseException: MySQL server has gone away in C:\xampp\htdocs\IT0049-TC36\system\Database\MySQLi\Connection.php:231
Stack trace:
#0 C:\xampp\htdocs\IT0049-TC36\system\Database\BaseConnection.php(555): CodeIgniter\Database\MySQLi\Connection->connect(false)
#1 C:\xampp\htdocs\IT0049-TC36\system\Database\BaseConnection.php(795): CodeIgniter\Database\BaseConnection->initialize()
#2 C:\xampp\htdocs\IT0049-TC36\system\Database\BaseBuilder.php(1659): CodeIgniter\Database\BaseConnection->query('SELECT *\nFROM `...', Array, false)
#3 C:\xampp\htdocs\IT0049-TC36\system\Model.php(255): CodeIgniter\Database\BaseBuilder->get()
#4 C:\xampp\htdocs\IT0049-TC36\system\BaseModel.php(676): CodeIgniter\Model->doFindAll(0, 0)
#5 C:\xampp\htdocs\IT0049-TC36\app\Controllers\Users.php(14): CodeIgniter\BaseModel->findAll()
#6 C:\xampp\htdocs\IT0049-TC36\system\CodeIgniter.php(974): App\Controllers\Users->index()
#7 C:\xampp\htdocs\IT0049-TC36\system\CodeIgniter.php(520): CodeIgniter\CodeIgniter->runController(Object(App\Controllers\Users))
#8 C:\xampp\htdocs\IT0049-TC36\system\CodeIgniter.php(363): CodeIgniter\CodeIgniter->handleRequest(NULL, Object(Config\Cache), false)
#9 C:\xampp\htdocs\IT0049-TC36\system\Boot.php(417): CodeIgniter\CodeIgniter->run()
#10 C:\xampp\htdocs\IT0049-TC36\system\Boot.php(68): CodeIgniter\Boot::runCodeIgniter(Object(CodeIgniter\CodeIgniter))
#11 C:\xampp\htdocs\IT0049-TC36\public\index.php(59): CodeIgniter\Boot::bootWeb(Object(Config\Paths))
#12 C:\xampp\htdocs\IT0049-TC36\system\rewrite.php(44): require_once('C:\\xampp\\htdocs...')
#13 {main}
CRITICAL - 2026-10-06 15:59:56 --> CodeIgniter\Database\Exceptions\DatabaseException: Unable to connect to the database.
Main connection [MySQLi]: MySQL server has gone away
[Method: GET, Route: users]
in SYSTEMPATH\Database\BaseConnection.php on line 606.
 1 SYSTEMPATH\Database\BaseConnection.php(795): CodeIgniter\Database\BaseConnection->initialize()
 2 SYSTEMPATH\Database\BaseBuilder.php(1659): CodeIgniter\Database\BaseConnection->query('SELECT *
FROM `users`', [], false)
 3 SYSTEMPATH\Model.php(255): CodeIgniter\Database\BaseBuilder->get()
 4 SYSTEMPATH\BaseModel.php(676): CodeIgniter\Model->doFindAll(0, 0)
 5 APPPATH\Controllers\Users.php(14): CodeIgniter\BaseModel->findAll()
 6 SYSTEMPATH\CodeIgniter.php(974): App\Controllers\Users->index()
 7 SYSTEMPATH\CodeIgniter.php(520): CodeIgniter\CodeIgniter->runController(Object(App\Controllers\Users))
 8 SYSTEMPATH\CodeIgniter.php(363): CodeIgniter\CodeIgniter->handleRequest(null, Object(Config\Cache), false)
 9 SYSTEMPATH\Boot.php(417): CodeIgniter\CodeIgniter->run()
10 SYSTEMPATH\Boot.php(68): CodeIgniter\Boot::runCodeIgniter(Object(CodeIgniter\CodeIgniter))
11 FCPATH\index.php(59): CodeIgniter\Boot::bootWeb(Object(Config\Paths))
12 SYSTEMPATH\rewrite.php(44): require_once('C:\\xampp\\htdocs\\IT0049-TC36\\public\\index.php')
ERROR - 2026-10-06 16:00:01 --> Error connecting to the database: mysqli_sql_exception: No connection could be made because the target machine actively refused it in C:\xampp\htdocs\IT0049-TC36\system\Database\MySQLi\Connection.php:201
Stack trace:
#0 C:\xampp\htdocs\IT0049-TC36\system\Database\MySQLi\Connection.php(201): mysqli->real_connect('localhost', 'root', Object(SensitiveParameterValue), 'technical', 3306, '', 0)
#1 C:\xampp\htdocs\IT0049-TC36\system\Database\BaseConnection.php(555): CodeIgniter\Database\MySQLi\Connection->connect(false)
#2 C:\xampp\htdocs\IT0049-TC36\system\Database\BaseConnection.php(795): CodeIgniter\Database\BaseConnection->initialize()
#3 C:\xampp\htdocs\IT0049-TC36\system\Database\BaseBuilder.php(1659): CodeIgniter\Database\BaseConnection->query('SELECT *\nFROM `...', Array, false)
#4 C:\xampp\htdocs\IT0049-TC36\system\Model.php(255): CodeIgniter\Database\BaseBuilder->get()
#5 C:\xampp\htdocs\IT0049-TC36\system\BaseModel.php(676): CodeIgniter\Model->doFindAll(0, 0)
#6 C:\xampp\htdocs\IT0049-TC36\app\Controllers\Users.php(14): CodeIgniter\BaseModel->findAll()
#7 C:\xampp\htdocs\IT0049-TC36\system\CodeIgniter.php(974): App\Controllers\Users->index()
#8 C:\xampp\htdocs\IT0049-TC36\system\CodeIgniter.php(520): CodeIgniter\CodeIgniter->runController(Object(App\Controllers\Users))
#9 C:\xampp\htdocs\IT0049-TC36\system\CodeIgniter.php(363): CodeIgniter\CodeIgniter->handleRequest(NULL, Object(Config\Cache), false)
#10 C:\xampp\htdocs\IT0049-TC36\system\Boot.php(417): CodeIgniter\CodeIgniter->run()
#11 C:\xampp\htdocs\IT0049-TC36\system\Boot.php(68): CodeIgniter\Boot::runCodeIgniter(Object(CodeIgniter\CodeIgniter))
#12 C:\xampp\htdocs\IT0049-TC36\public\index.php(59): CodeIgniter\Boot::bootWeb(Object(Config\Paths))
#13 C:\xampp\htdocs\IT0049-TC36\system\rewrite.php(44): require_once('C:\\xampp\\htdocs...')
#14 {main}

Next CodeIgniter\Database\Exceptions\DatabaseException: No connection could be made because the target machine actively refused it in C:\xampp\htdocs\IT0049-TC36\system\Database\MySQLi\Connection.php:231
Stack trace:
#0 C:\xampp\htdocs\IT0049-TC36\system\Database\BaseConnection.php(555): CodeIgniter\Database\MySQLi\Connection->connect(false)
#1 C:\xampp\htdocs\IT0049-TC36\system\Database\BaseConnection.php(795): CodeIgniter\Database\BaseConnection->initialize()
#2 C:\xampp\htdocs\IT0049-TC36\system\Database\BaseBuilder.php(1659): CodeIgniter\Database\BaseConnection->query('SELECT *\nFROM `...', Array, false)
#3 C:\xampp\htdocs\IT0049-TC36\system\Model.php(255): CodeIgniter\Database\BaseBuilder->get()
#4 C:\xampp\htdocs\IT0049-TC36\system\BaseModel.php(676): CodeIgniter\Model->doFindAll(0, 0)
#5 C:\xampp\htdocs\IT0049-TC36\app\Controllers\Users.php(14): CodeIgniter\BaseModel->findAll()
#6 C:\xampp\htdocs\IT0049-TC36\system\CodeIgniter.php(974): App\Controllers\Users->index()
#7 C:\xampp\htdocs\IT0049-TC36\system\CodeIgniter.php(520): CodeIgniter\CodeIgniter->runController(Object(App\Controllers\Users))
#8 C:\xampp\htdocs\IT0049-TC36\system\CodeIgniter.php(363): CodeIgniter\CodeIgniter->handleRequest(NULL, Object(Config\Cache), false)
#9 C:\xampp\htdocs\IT0049-TC36\system\Boot.php(417): CodeIgniter\CodeIgniter->run()
#10 C:\xampp\htdocs\IT0049-TC36\system\Boot.php(68): CodeIgniter\Boot::runCodeIgniter(Object(CodeIgniter\CodeIgniter))
#11 C:\xampp\htdocs\IT0049-TC36\public\index.php(59): CodeIgniter\Boot::bootWeb(Object(Config\Paths))
#12 C:\xampp\htdocs\IT0049-TC36\system\rewrite.php(44): require_once('C:\\xampp\\htdocs...')
#13 {main}
CRITICAL - 2026-10-06 16:00:01 --> CodeIgniter\Database\Exceptions\DatabaseException: Unable to connect to the database.
Main connection [MySQLi]: No connection could be made because the target machine actively refused it
[Method: GET, Route: users]
in SYSTEMPATH\Database\BaseConnection.php on line 606.
 1 SYSTEMPATH\Database\BaseConnection.php(795): CodeIgniter\Database\BaseConnection->initialize()
 2 SYSTEMPATH\Database\BaseBuilder.php(1659): CodeIgniter\Database\BaseConnection->query('SELECT *
FROM `users`', [], false)
 3 SYSTEMPATH\Model.php(255): CodeIgniter\Database\BaseBuilder->get()
 4 SYSTEMPATH\BaseModel.php(676): CodeIgniter\Model->doFindAll(0, 0)
 5 APPPATH\Controllers\Users.php(14): CodeIgniter\BaseModel->findAll()
 6 SYSTEMPATH\CodeIgniter.php(974): App\Controllers\Users->index()
 7 SYSTEMPATH\CodeIgniter.php(520): CodeIgniter\CodeIgniter->runController(Object(App\Controllers\Users))
 8 SYSTEMPATH\CodeIgniter.php(363): CodeIgniter\CodeIgniter->handleRequest(null, Object(Config\Cache), false)
 9 SYSTEMPATH\Boot.php(417): CodeIgniter\CodeIgniter->run()
10 SYSTEMPATH\Boot.php(68): CodeIgniter\Boot::runCodeIgniter(Object(CodeIgniter\CodeIgniter))
11 FCPATH\index.php(59): CodeIgniter\Boot::bootWeb(Object(Config\Paths))
12 SYSTEMPATH\rewrite.php(44): require_once('C:\\xampp\\htdocs\\IT0049-TC36\\public\\index.php')
ERROR - 2026-10-06 16:02:32 --> Error connecting to the database: mysqli_sql_exception: No connection could be made because the target machine actively refused it in C:\xampp\htdocs\IT0049-TC36\system\Database\MySQLi\Connection.php:201
Stack trace:
#0 C:\xampp\htdocs\IT0049-TC36\system\Database\MySQLi\Connection.php(201): mysqli->real_connect('localhost', 'root', Object(SensitiveParameterValue), 'technical', 3306, '', 0)
#1 C:\xampp\htdocs\IT0049-TC36\system\Database\BaseConnection.php(555): CodeIgniter\Database\MySQLi\Connection->connect(false)
#2 C:\xampp\htdocs\IT0049-TC36\system\Database\BaseConnection.php(795): CodeIgniter\Database\BaseConnection->initialize()
#3 C:\xampp\htdocs\IT0049-TC36\system\Database\BaseBuilder.php(1659): CodeIgniter\Database\BaseConnection->query('SELECT *\nFROM `...', Array, false)
#4 C:\xampp\htdocs\IT0049-TC36\system\Model.php(255): CodeIgniter\Database\BaseBuilder->get()
#5 C:\xampp\htdocs\IT0049-TC36\system\BaseModel.php(676): CodeIgniter\Model->doFindAll(0, 0)
#6 C:\xampp\htdocs\IT0049-TC36\app\Controllers\Users.php(14): CodeIgniter\BaseModel->findAll()
#7 C:\xampp\htdocs\IT0049-TC36\system\CodeIgniter.php(974): App\Controllers\Users->index()
#8 C:\xampp\htdocs\IT0049-TC36\system\CodeIgniter.php(520): CodeIgniter\CodeIgniter->runController(Object(App\Controllers\Users))
#9 C:\xampp\htdocs\IT0049-TC36\system\CodeIgniter.php(363): CodeIgniter\CodeIgniter->handleRequest(NULL, Object(Config\Cache), false)
#10 C:\xampp\htdocs\IT0049-TC36\system\Boot.php(417): CodeIgniter\CodeIgniter->run()
#11 C:\xampp\htdocs\IT0049-TC36\system\Boot.php(68): CodeIgniter\Boot::runCodeIgniter(Object(CodeIgniter\CodeIgniter))
#12 C:\xampp\htdocs\IT0049-TC36\public\index.php(59): CodeIgniter\Boot::bootWeb(Object(Config\Paths))
#13 C:\xampp\htdocs\IT0049-TC36\system\rewrite.php(44): require_once('C:\\xampp\\htdocs...')
#14 {main}

Next CodeIgniter\Database\Exceptions\DatabaseException: No connection could be made because the target machine actively refused it in C:\xampp\htdocs\IT0049-TC36\system\Database\MySQLi\Connection.php:231
Stack trace:
#0 C:\xampp\htdocs\IT0049-TC36\system\Database\BaseConnection.php(555): CodeIgniter\Database\MySQLi\Connection->connect(false)
#1 C:\xampp\htdocs\IT0049-TC36\system\Database\BaseConnection.php(795): CodeIgniter\Database\BaseConnection->initialize()
#2 C:\xampp\htdocs\IT0049-TC36\system\Database\BaseBuilder.php(1659): CodeIgniter\Database\BaseConnection->query('SELECT *\nFROM `...', Array, false)
#3 C:\xampp\htdocs\IT0049-TC36\system\Model.php(255): CodeIgniter\Database\BaseBuilder->get()
#4 C:\xampp\htdocs\IT0049-TC36\system\BaseModel.php(676): CodeIgniter\Model->doFindAll(0, 0)
#5 C:\xampp\htdocs\IT0049-TC36\app\Controllers\Users.php(14): CodeIgniter\BaseModel->findAll()
#6 C:\xampp\htdocs\IT0049-TC36\system\CodeIgniter.php(974): App\Controllers\Users->index()
#7 C:\xampp\htdocs\IT0049-TC36\system\CodeIgniter.php(520): CodeIgniter\CodeIgniter->runController(Object(App\Controllers\Users))
#8 C:\xampp\htdocs\IT0049-TC36\system\CodeIgniter.php(363): CodeIgniter\CodeIgniter->handleRequest(NULL, Object(Config\Cache), false)
#9 C:\xampp\htdocs\IT0049-TC36\system\Boot.php(417): CodeIgniter\CodeIgniter->run()
#10 C:\xampp\htdocs\IT0049-TC36\system\Boot.php(68): CodeIgniter\Boot::runCodeIgniter(Object(CodeIgniter\CodeIgniter))
#11 C:\xampp\htdocs\IT0049-TC36\public\index.php(59): CodeIgniter\Boot::bootWeb(Object(Config\Paths))
#12 C:\xampp\htdocs\IT0049-TC36\system\rewrite.php(44): require_once('C:\\xampp\\htdocs...')
#13 {main}
CRITICAL - 2026-10-06 16:02:32 --> CodeIgniter\Database\Exceptions\DatabaseException: Unable to connect to the database.
Main connection [MySQLi]: No connection could be made because the target machine actively refused it
[Method: GET, Route: users]
in SYSTEMPATH\Database\BaseConnection.php on line 606.
 1 SYSTEMPATH\Database\BaseConnection.php(795): CodeIgniter\Database\BaseConnection->initialize()
 2 SYSTEMPATH\Database\BaseBuilder.php(1659): CodeIgniter\Database\BaseConnection->query('SELECT *
FROM `users`', [], false)
 3 SYSTEMPATH\Model.php(255): CodeIgniter\Database\BaseBuilder->get()
 4 SYSTEMPATH\BaseModel.php(676): CodeIgniter\Model->doFindAll(0, 0)
 5 APPPATH\Controllers\Users.php(14): CodeIgniter\BaseModel->findAll()
 6 SYSTEMPATH\CodeIgniter.php(974): App\Controllers\Users->index()
 7 SYSTEMPATH\CodeIgniter.php(520): CodeIgniter\CodeIgniter->runController(Object(App\Controllers\Users))
 8 SYSTEMPATH\CodeIgniter.php(363): CodeIgniter\CodeIgniter->handleRequest(null, Object(Config\Cache), false)
 9 SYSTEMPATH\Boot.php(417): CodeIgniter\CodeIgniter->run()
10 SYSTEMPATH\Boot.php(68): CodeIgniter\Boot::runCodeIgniter(Object(CodeIgniter\CodeIgniter))
11 FCPATH\index.php(59): CodeIgniter\Boot::bootWeb(Object(Config\Paths))
12 SYSTEMPATH\rewrite.php(44): require_once('C:\\xampp\\htdocs\\IT0049-TC36\\public\\index.php')
ERROR - 2026-10-06 16:02:36 --> Error connecting to the database: mysqli_sql_exception: No connection could be made because the target machine actively refused it in C:\xampp\htdocs\IT0049-TC36\system\Database\MySQLi\Connection.php:201
Stack trace:
#0 C:\xampp\htdocs\IT0049-TC36\system\Database\MySQLi\Connection.php(201): mysqli->real_connect('localhost', 'root', Object(SensitiveParameterValue), 'technical', 3306, '', 0)
#1 C:\xampp\htdocs\IT0049-TC36\system\Database\BaseConnection.php(555): CodeIgniter\Database\MySQLi\Connection->connect(false)
#2 C:\xampp\htdocs\IT0049-TC36\system\Database\BaseConnection.php(795): CodeIgniter\Database\BaseConnection->initialize()
#3 C:\xampp\htdocs\IT0049-TC36\system\Database\BaseBuilder.php(1659): CodeIgniter\Database\BaseConnection->query('SELECT *\nFROM `...', Array, false)
#4 C:\xampp\htdocs\IT0049-TC36\system\Model.php(255): CodeIgniter\Database\BaseBuilder->get()
#5 C:\xampp\htdocs\IT0049-TC36\system\BaseModel.php(676): CodeIgniter\Model->doFindAll(0, 0)
#6 C:\xampp\htdocs\IT0049-TC36\app\Controllers\Customers.php(14): CodeIgniter\BaseModel->findAll()
#7 C:\xampp\htdocs\IT0049-TC36\system\CodeIgniter.php(974): App\Controllers\Customers->index()
#8 C:\xampp\htdocs\IT0049-TC36\system\CodeIgniter.php(520): CodeIgniter\CodeIgniter->runController(Object(App\Controllers\Customers))
#9 C:\xampp\htdocs\IT0049-TC36\system\CodeIgniter.php(363): CodeIgniter\CodeIgniter->handleRequest(NULL, Object(Config\Cache), false)
#10 C:\xampp\htdocs\IT0049-TC36\system\Boot.php(417): CodeIgniter\CodeIgniter->run()
#11 C:\xampp\htdocs\IT0049-TC36\system\Boot.php(68): CodeIgniter\Boot::runCodeIgniter(Object(CodeIgniter\CodeIgniter))
#12 C:\xampp\htdocs\IT0049-TC36\public\index.php(59): CodeIgniter\Boot::bootWeb(Object(Config\Paths))
#13 C:\xampp\htdocs\IT0049-TC36\system\rewrite.php(44): require_once('C:\\xampp\\htdocs...')
#14 {main}

Next CodeIgniter\Database\Exceptions\DatabaseException: No connection could be made because the target machine actively refused it in C:\xampp\htdocs\IT0049-TC36\system\Database\MySQLi\Connection.php:231
Stack trace:
#0 C:\xampp\htdocs\IT0049-TC36\system\Database\BaseConnection.php(555): CodeIgniter\Database\MySQLi\Connection->connect(false)
#1 C:\xampp\htdocs\IT0049-TC36\system\Database\BaseConnection.php(795): CodeIgniter\Database\BaseConnection->initialize()
#2 C:\xampp\htdocs\IT0049-TC36\system\Database\BaseBuilder.php(1659): CodeIgniter\Database\BaseConnection->query('SELECT *\nFROM `...', Array, false)
#3 C:\xampp\htdocs\IT0049-TC36\system\Model.php(255): CodeIgniter\Database\BaseBuilder->get()
#4 C:\xampp\htdocs\IT0049-TC36\system\BaseModel.php(676): CodeIgniter\Model->doFindAll(0, 0)
#5 C:\xampp\htdocs\IT0049-TC36\app\Controllers\Customers.php(14): CodeIgniter\BaseModel->findAll()
#6 C:\xampp\htdocs\IT0049-TC36\system\CodeIgniter.php(974): App\Controllers\Customers->index()
#7 C:\xampp\htdocs\IT0049-TC36\system\CodeIgniter.php(520): CodeIgniter\CodeIgniter->runController(Object(App\Controllers\Customers))
#8 C:\xampp\htdocs\IT0049-TC36\system\CodeIgniter.php(363): CodeIgniter\CodeIgniter->handleRequest(NULL, Object(Config\Cache), false)
#9 C:\xampp\htdocs\IT0049-TC36\system\Boot.php(417): CodeIgniter\CodeIgniter->run()
#10 C:\xampp\htdocs\IT0049-TC36\system\Boot.php(68): CodeIgniter\Boot::runCodeIgniter(Object(CodeIgniter\CodeIgniter))
#11 C:\xampp\htdocs\IT0049-TC36\public\index.php(59): CodeIgniter\Boot::bootWeb(Object(Config\Paths))
#12 C:\xampp\htdocs\IT0049-TC36\system\rewrite.php(44): require_once('C:\\xampp\\htdocs...')
#13 {main}
CRITICAL - 2026-10-06 16:02:36 --> CodeIgniter\Database\Exceptions\DatabaseException: Unable to connect to the database.
Main connection [MySQLi]: No connection could be made because the target machine actively refused it
[Method: GET, Route: customers]
in SYSTEMPATH\Database\BaseConnection.php on line 606.
 1 SYSTEMPATH\Database\BaseConnection.php(795): CodeIgniter\Database\BaseConnection->initialize()
 2 SYSTEMPATH\Database\BaseBuilder.php(1659): CodeIgniter\Database\BaseConnection->query('SELECT *
FROM `customers`', [], false)
 3 SYSTEMPATH\Model.php(255): CodeIgniter\Database\BaseBuilder->get()
 4 SYSTEMPATH\BaseModel.php(676): CodeIgniter\Model->doFindAll(0, 0)
 5 APPPATH\Controllers\Customers.php(14): CodeIgniter\BaseModel->findAll()
 6 SYSTEMPATH\CodeIgniter.php(974): App\Controllers\Customers->index()
 7 SYSTEMPATH\CodeIgniter.php(520): CodeIgniter\CodeIgniter->runController(Object(App\Controllers\Customers))
 8 SYSTEMPATH\CodeIgniter.php(363): CodeIgniter\CodeIgniter->handleRequest(null, Object(Config\Cache), false)
 9 SYSTEMPATH\Boot.php(417): CodeIgniter\CodeIgniter->run()
10 SYSTEMPATH\Boot.php(68): CodeIgniter\Boot::runCodeIgniter(Object(CodeIgniter\CodeIgniter))
11 FCPATH\index.php(59): CodeIgniter\Boot::bootWeb(Object(Config\Paths))
12 SYSTEMPATH\rewrite.php(44): require_once('C:\\xampp\\htdocs\\IT0049-TC36\\public\\index.php')
CRITICAL - 2026-10-06 16:05:25 --> ErrorException: Maximum execution time of 60 seconds exceeded
[Method: GET, Route: customers]
in SYSTEMPATH\Debug\Exceptions.php on line 197.
 1 [internal function]: CodeIgniter\Debug\Exceptions->shutdownHandler()
ERROR - 2026-10-06 16:07:54 --> Error connecting to the database: mysqli_sql_exception: No connection could be made because the target machine actively refused it in C:\xampp\htdocs\IT0049-TC36\system\Database\MySQLi\Connection.php:201
Stack trace:
#0 C:\xampp\htdocs\IT0049-TC36\system\Database\MySQLi\Connection.php(201): mysqli->real_connect('localhost', 'root', Object(SensitiveParameterValue), 'technical', 3306, '', 0)
#1 C:\xampp\htdocs\IT0049-TC36\system\Database\BaseConnection.php(555): CodeIgniter\Database\MySQLi\Connection->connect(false)
#2 C:\xampp\htdocs\IT0049-TC36\system\Database\BaseConnection.php(795): CodeIgniter\Database\BaseConnection->initialize()
#3 C:\xampp\htdocs\IT0049-TC36\system\Database\BaseBuilder.php(1659): CodeIgniter\Database\BaseConnection->query('SELECT *\nFROM `...', Array, false)
#4 C:\xampp\htdocs\IT0049-TC36\system\Model.php(255): CodeIgniter\Database\BaseBuilder->get()
#5 C:\xampp\htdocs\IT0049-TC36\system\BaseModel.php(676): CodeIgniter\Model->doFindAll(0, 0)
#6 C:\xampp\htdocs\IT0049-TC36\app\Controllers\Users.php(14): CodeIgniter\BaseModel->findAll()
#7 C:\xampp\htdocs\IT0049-TC36\system\CodeIgniter.php(974): App\Controllers\Users->index()
#8 C:\xampp\htdocs\IT0049-TC36\system\CodeIgniter.php(520): CodeIgniter\CodeIgniter->runController(Object(App\Controllers\Users))
#9 C:\xampp\htdocs\IT0049-TC36\system\CodeIgniter.php(363): CodeIgniter\CodeIgniter->handleRequest(NULL, Object(Config\Cache), false)
#10 C:\xampp\htdocs\IT0049-TC36\system\Boot.php(417): CodeIgniter\CodeIgniter->run()
#11 C:\xampp\htdocs\IT0049-TC36\system\Boot.php(68): CodeIgniter\Boot::runCodeIgniter(Object(CodeIgniter\CodeIgniter))
#12 C:\xampp\htdocs\IT0049-TC36\public\index.php(59): CodeIgniter\Boot::bootWeb(Object(Config\Paths))
#13 C:\xampp\htdocs\IT0049-TC36\system\rewrite.php(44): require_once('C:\\xampp\\htdocs...')
#14 {main}

Next CodeIgniter\Database\Exceptions\DatabaseException: No connection could be made because the target machine actively refused it in C:\xampp\htdocs\IT0049-TC36\system\Database\MySQLi\Connection.php:231
Stack trace:
#0 C:\xampp\htdocs\IT0049-TC36\system\Database\BaseConnection.php(555): CodeIgniter\Database\MySQLi\Connection->connect(false)
#1 C:\xampp\htdocs\IT0049-TC36\system\Database\BaseConnection.php(795): CodeIgniter\Database\BaseConnection->initialize()
#2 C:\xampp\htdocs\IT0049-TC36\system\Database\BaseBuilder.php(1659): CodeIgniter\Database\BaseConnection->query('SELECT *\nFROM `...', Array, false)
#3 C:\xampp\htdocs\IT0049-TC36\system\Model.php(255): CodeIgniter\Database\BaseBuilder->get()
#4 C:\xampp\htdocs\IT0049-TC36\system\BaseModel.php(676): CodeIgniter\Model->doFindAll(0, 0)
#5 C:\xampp\htdocs\IT0049-TC36\app\Controllers\Users.php(14): CodeIgniter\BaseModel->findAll()
#6 C:\xampp\htdocs\IT0049-TC36\system\CodeIgniter.php(974): App\Controllers\Users->index()
#7 C:\xampp\htdocs\IT0049-TC36\system\CodeIgniter.php(520): CodeIgniter\CodeIgniter->runController(Object(App\Controllers\Users))
#8 C:\xampp\htdocs\IT0049-TC36\system\CodeIgniter.php(363): CodeIgniter\CodeIgniter->handleRequest(NULL, Object(Config\Cache), false)
#9 C:\xampp\htdocs\IT0049-TC36\system\Boot.php(417): CodeIgniter\CodeIgniter->run()
#10 C:\xampp\htdocs\IT0049-TC36\system\Boot.php(68): CodeIgniter\Boot::runCodeIgniter(Object(CodeIgniter\CodeIgniter))
#11 C:\xampp\htdocs\IT0049-TC36\public\index.php(59): CodeIgniter\Boot::bootWeb(Object(Config\Paths))
#12 C:\xampp\htdocs\IT0049-TC36\system\rewrite.php(44): require_once('C:\\xampp\\htdocs...')
#13 {main}
CRITICAL - 2026-10-06 16:07:54 --> CodeIgniter\Database\Exceptions\DatabaseException: Unable to connect to the database.
Main connection [MySQLi]: No connection could be made because the target machine actively refused it
[Method: GET, Route: users]
in SYSTEMPATH\Database\BaseConnection.php on line 606.
 1 SYSTEMPATH\Database\BaseConnection.php(795): CodeIgniter\Database\BaseConnection->initialize()
 2 SYSTEMPATH\Database\BaseBuilder.php(1659): CodeIgniter\Database\BaseConnection->query('SELECT *
FROM `users`', [], false)
 3 SYSTEMPATH\Model.php(255): CodeIgniter\Database\BaseBuilder->get()
 4 SYSTEMPATH\BaseModel.php(676): CodeIgniter\Model->doFindAll(0, 0)
 5 APPPATH\Controllers\Users.php(14): CodeIgniter\BaseModel->findAll()
 6 SYSTEMPATH\CodeIgniter.php(974): App\Controllers\Users->index()
 7 SYSTEMPATH\CodeIgniter.php(520): CodeIgniter\CodeIgniter->runController(Object(App\Controllers\Users))
 8 SYSTEMPATH\CodeIgniter.php(363): CodeIgniter\CodeIgniter->handleRequest(null, Object(Config\Cache), false)
 9 SYSTEMPATH\Boot.php(417): CodeIgniter\CodeIgniter->run()
10 SYSTEMPATH\Boot.php(68): CodeIgniter\Boot::runCodeIgniter(Object(CodeIgniter\CodeIgniter))
11 FCPATH\index.php(59): CodeIgniter\Boot::bootWeb(Object(Config\Paths))
12 SYSTEMPATH\rewrite.php(44): require_once('C:\\xampp\\htdocs\\IT0049-TC36\\public\\index.php')
ERROR - 2026-10-06 16:12:55 --> Error connecting to the database: mysqli_sql_exception: No connection could be made because the target machine actively refused it in C:\xampp\htdocs\IT0049-TC36\system\Database\MySQLi\Connection.php:201
Stack trace:
#0 C:\xampp\htdocs\IT0049-TC36\system\Database\MySQLi\Connection.php(201): mysqli->real_connect('localhost', 'root', Object(SensitiveParameterValue), 'technical', 3306, '', 0)
#1 C:\xampp\htdocs\IT0049-TC36\system\Database\BaseConnection.php(555): CodeIgniter\Database\MySQLi\Connection->connect(false)
#2 C:\xampp\htdocs\IT0049-TC36\system\Database\BaseConnection.php(795): CodeIgniter\Database\BaseConnection->initialize()
#3 C:\xampp\htdocs\IT0049-TC36\system\Database\BaseBuilder.php(1659): CodeIgniter\Database\BaseConnection->query('SELECT *\nFROM `...', Array, false)
#4 C:\xampp\htdocs\IT0049-TC36\system\Model.php(255): CodeIgniter\Database\BaseBuilder->get()
#5 C:\xampp\htdocs\IT0049-TC36\system\BaseModel.php(676): CodeIgniter\Model->doFindAll(0, 0)
#6 C:\xampp\htdocs\IT0049-TC36\app\Controllers\Users.php(14): CodeIgniter\BaseModel->findAll()
#7 C:\xampp\htdocs\IT0049-TC36\system\CodeIgniter.php(974): App\Controllers\Users->index()
#8 C:\xampp\htdocs\IT0049-TC36\system\CodeIgniter.php(520): CodeIgniter\CodeIgniter->runController(Object(App\Controllers\Users))
#9 C:\xampp\htdocs\IT0049-TC36\system\CodeIgniter.php(363): CodeIgniter\CodeIgniter->handleRequest(NULL, Object(Config\Cache), false)
#10 C:\xampp\htdocs\IT0049-TC36\system\Boot.php(417): CodeIgniter\CodeIgniter->run()
#11 C:\xampp\htdocs\IT0049-TC36\system\Boot.php(68): CodeIgniter\Boot::runCodeIgniter(Object(CodeIgniter\CodeIgniter))
#12 C:\xampp\htdocs\IT0049-TC36\public\index.php(59): CodeIgniter\Boot::bootWeb(Object(Config\Paths))
#13 C:\xampp\htdocs\IT0049-TC36\system\rewrite.php(44): require_once('C:\\xampp\\htdocs...')
#14 {main}

Next CodeIgniter\Database\Exceptions\DatabaseException: No connection could be made because the target machine actively refused it in C:\xampp\htdocs\IT0049-TC36\system\Database\MySQLi\Connection.php:231
Stack trace:
#0 C:\xampp\htdocs\IT0049-TC36\system\Database\BaseConnection.php(555): CodeIgniter\Database\MySQLi\Connection->connect(false)
#1 C:\xampp\htdocs\IT0049-TC36\system\Database\BaseConnection.php(795): CodeIgniter\Database\BaseConnection->initialize()
#2 C:\xampp\htdocs\IT0049-TC36\system\Database\BaseBuilder.php(1659): CodeIgniter\Database\BaseConnection->query('SELECT *\nFROM `...', Array, false)
#3 C:\xampp\htdocs\IT0049-TC36\system\Model.php(255): CodeIgniter\Database\BaseBuilder->get()
#4 C:\xampp\htdocs\IT0049-TC36\system\BaseModel.php(676): CodeIgniter\Model->doFindAll(0, 0)
#5 C:\xampp\htdocs\IT0049-TC36\app\Controllers\Users.php(14): CodeIgniter\BaseModel->findAll()
#6 C:\xampp\htdocs\IT0049-TC36\system\CodeIgniter.php(974): App\Controllers\Users->index()
#7 C:\xampp\htdocs\IT0049-TC36\system\CodeIgniter.php(520): CodeIgniter\CodeIgniter->runController(Object(App\Controllers\Users))
#8 C:\xampp\htdocs\IT0049-TC36\system\CodeIgniter.php(363): CodeIgniter\CodeIgniter->handleRequest(NULL, Object(Config\Cache), false)
#9 C:\xampp\htdocs\IT0049-TC36\system\Boot.php(417): CodeIgniter\CodeIgniter->run()
#10 C:\xampp\htdocs\IT0049-TC36\system\Boot.php(68): CodeIgniter\Boot::runCodeIgniter(Object(CodeIgniter\CodeIgniter))
#11 C:\xampp\htdocs\IT0049-TC36\public\index.php(59): CodeIgniter\Boot::bootWeb(Object(Config\Paths))
#12 C:\xampp\htdocs\IT0049-TC36\system\rewrite.php(44): require_once('C:\\xampp\\htdocs...')
#13 {main}
CRITICAL - 2026-10-06 16:12:55 --> CodeIgniter\Database\Exceptions\DatabaseException: Unable to connect to the database.
Main connection [MySQLi]: No connection could be made because the target machine actively refused it
[Method: GET, Route: users]
in SYSTEMPATH\Database\BaseConnection.php on line 606.
 1 SYSTEMPATH\Database\BaseConnection.php(795): CodeIgniter\Database\BaseConnection->initialize()
 2 SYSTEMPATH\Database\BaseBuilder.php(1659): CodeIgniter\Database\BaseConnection->query('SELECT *
FROM `users`', [], false)
 3 SYSTEMPATH\Model.php(255): CodeIgniter\Database\BaseBuilder->get()
 4 SYSTEMPATH\BaseModel.php(676): CodeIgniter\Model->doFindAll(0, 0)
 5 APPPATH\Controllers\Users.php(14): CodeIgniter\BaseModel->findAll()
 6 SYSTEMPATH\CodeIgniter.php(974): App\Controllers\Users->index()
 7 SYSTEMPATH\CodeIgniter.php(520): CodeIgniter\CodeIgniter->runController(Object(App\Controllers\Users))
 8 SYSTEMPATH\CodeIgniter.php(363): CodeIgniter\CodeIgniter->handleRequest(null, Object(Config\Cache), false)
 9 SYSTEMPATH\Boot.php(417): CodeIgniter\CodeIgniter->run()
10 SYSTEMPATH\Boot.php(68): CodeIgniter\Boot::runCodeIgniter(Object(CodeIgniter\CodeIgniter))
11 FCPATH\index.php(59): CodeIgniter\Boot::bootWeb(Object(Config\Paths))
12 SYSTEMPATH\rewrite.php(44): require_once('C:\\xampp\\htdocs\\IT0049-TC36\\public\\index.php')
ERROR - 2026-10-06 16:13:46 --> Error connecting to the database: mysqli_sql_exception: No connection could be made because the target machine actively refused it in C:\xampp\htdocs\IT0049-TC36\system\Database\MySQLi\Connection.php:201
Stack trace:
#0 C:\xampp\htdocs\IT0049-TC36\system\Database\MySQLi\Connection.php(201): mysqli->real_connect('localhost', 'root', Object(SensitiveParameterValue), 'technical', 3306, '', 0)
#1 C:\xampp\htdocs\IT0049-TC36\system\Database\BaseConnection.php(555): CodeIgniter\Database\MySQLi\Connection->connect(false)
#2 C:\xampp\htdocs\IT0049-TC36\system\Database\BaseConnection.php(795): CodeIgniter\Database\BaseConnection->initialize()
#3 C:\xampp\htdocs\IT0049-TC36\system\Database\BaseBuilder.php(1659): CodeIgniter\Database\BaseConnection->query('SELECT *\nFROM `...', Array, false)
#4 C:\xampp\htdocs\IT0049-TC36\system\Model.php(255): CodeIgniter\Database\BaseBuilder->get()
#5 C:\xampp\htdocs\IT0049-TC36\system\BaseModel.php(676): CodeIgniter\Model->doFindAll(0, 0)
#6 C:\xampp\htdocs\IT0049-TC36\app\Controllers\Users.php(14): CodeIgniter\BaseModel->findAll()
#7 C:\xampp\htdocs\IT0049-TC36\system\CodeIgniter.php(974): App\Controllers\Users->index()
#8 C:\xampp\htdocs\IT0049-TC36\system\CodeIgniter.php(520): CodeIgniter\CodeIgniter->runController(Object(App\Controllers\Users))
#9 C:\xampp\htdocs\IT0049-TC36\system\CodeIgniter.php(363): CodeIgniter\CodeIgniter->handleRequest(NULL, Object(Config\Cache), false)
#10 C:\xampp\htdocs\IT0049-TC36\system\Boot.php(417): CodeIgniter\CodeIgniter->run()
#11 C:\xampp\htdocs\IT0049-TC36\system\Boot.php(68): CodeIgniter\Boot::runCodeIgniter(Object(CodeIgniter\CodeIgniter))
#12 C:\xampp\htdocs\IT0049-TC36\public\index.php(59): CodeIgniter\Boot::bootWeb(Object(Config\Paths))
#13 C:\xampp\htdocs\IT0049-TC36\system\rewrite.php(44): require_once('C:\\xampp\\htdocs...')
#14 {main}

Next CodeIgniter\Database\Exceptions\DatabaseException: No connection could be made because the target machine actively refused it in C:\xampp\htdocs\IT0049-TC36\system\Database\MySQLi\Connection.php:231
Stack trace:
#0 C:\xampp\htdocs\IT0049-TC36\system\Database\BaseConnection.php(555): CodeIgniter\Database\MySQLi\Connection->connect(false)
#1 C:\xampp\htdocs\IT0049-TC36\system\Database\BaseConnection.php(795): CodeIgniter\Database\BaseConnection->initialize()
#2 C:\xampp\htdocs\IT0049-TC36\system\Database\BaseBuilder.php(1659): CodeIgniter\Database\BaseConnection->query('SELECT *\nFROM `...', Array, false)
#3 C:\xampp\htdocs\IT0049-TC36\system\Model.php(255): CodeIgniter\Database\BaseBuilder->get()
#4 C:\xampp\htdocs\IT0049-TC36\system\BaseModel.php(676): CodeIgniter\Model->doFindAll(0, 0)
#5 C:\xampp\htdocs\IT0049-TC36\app\Controllers\Users.php(14): CodeIgniter\BaseModel->findAll()
#6 C:\xampp\htdocs\IT0049-TC36\system\CodeIgniter.php(974): App\Controllers\Users->index()
#7 C:\xampp\htdocs\IT0049-TC36\system\CodeIgniter.php(520): CodeIgniter\CodeIgniter->runController(Object(App\Controllers\Users))
#8 C:\xampp\htdocs\IT0049-TC36\system\CodeIgniter.php(363): CodeIgniter\CodeIgniter->handleRequest(NULL, Object(Config\Cache), false)
#9 C:\xampp\htdocs\IT0049-TC36\system\Boot.php(417): CodeIgniter\CodeIgniter->run()
#10 C:\xampp\htdocs\IT0049-TC36\system\Boot.php(68): CodeIgniter\Boot::runCodeIgniter(Object(CodeIgniter\CodeIgniter))
#11 C:\xampp\htdocs\IT0049-TC36\public\index.php(59): CodeIgniter\Boot::bootWeb(Object(Config\Paths))
#12 C:\xampp\htdocs\IT0049-TC36\system\rewrite.php(44): require_once('C:\\xampp\\htdocs...')
#13 {main}
CRITICAL - 2026-10-06 16:13:46 --> CodeIgniter\Database\Exceptions\DatabaseException: Unable to connect to the database.
Main connection [MySQLi]: No connection could be made because the target machine actively refused it
[Method: GET, Route: users]
in SYSTEMPATH\Database\BaseConnection.php on line 606.
 1 SYSTEMPATH\Database\BaseConnection.php(795): CodeIgniter\Database\BaseConnection->initialize()
 2 SYSTEMPATH\Database\BaseBuilder.php(1659): CodeIgniter\Database\BaseConnection->query('SELECT *
FROM `users`', [], false)
 3 SYSTEMPATH\Model.php(255): CodeIgniter\Database\BaseBuilder->get()
 4 SYSTEMPATH\BaseModel.php(676): CodeIgniter\Model->doFindAll(0, 0)
 5 APPPATH\Controllers\Users.php(14): CodeIgniter\BaseModel->findAll()
 6 SYSTEMPATH\CodeIgniter.php(974): App\Controllers\Users->index()
 7 SYSTEMPATH\CodeIgniter.php(520): CodeIgniter\CodeIgniter->runController(Object(App\Controllers\Users))
 8 SYSTEMPATH\CodeIgniter.php(363): CodeIgniter\CodeIgniter->handleRequest(null, Object(Config\Cache), false)
 9 SYSTEMPATH\Boot.php(417): CodeIgniter\CodeIgniter->run()
10 SYSTEMPATH\Boot.php(68): CodeIgniter\Boot::runCodeIgniter(Object(CodeIgniter\CodeIgniter))
11 FCPATH\index.php(59): CodeIgniter\Boot::bootWeb(Object(Config\Paths))
12 SYSTEMPATH\rewrite.php(44): require_once('C:\\xampp\\htdocs\\IT0049-TC36\\public\\index.php')
ERROR - 2026-10-06 16:15:35 --> Error connecting to the database: ErrorException: mysqli::real_connect(): Error while reading greeting packet. PID=14896 in C:\xampp\htdocs\IT0049-TC36\system\Database\MySQLi\Connection.php:201
Stack trace:
#0 [internal function]: CodeIgniter\Debug\Exceptions->errorHandler(2, 'mysqli::real_co...', 'C:\\xampp\\htdocs...', 201)
#1 C:\xampp\htdocs\IT0049-TC36\system\Database\MySQLi\Connection.php(201): mysqli->real_connect('localhost', 'root', Object(SensitiveParameterValue), 'technical', 3306, '', 0)
#2 C:\xampp\htdocs\IT0049-TC36\system\Database\BaseConnection.php(555): CodeIgniter\Database\MySQLi\Connection->connect(false)
#3 C:\xampp\htdocs\IT0049-TC36\system\Database\BaseConnection.php(795): CodeIgniter\Database\BaseConnection->initialize()
#4 C:\xampp\htdocs\IT0049-TC36\system\Database\BaseBuilder.php(1659): CodeIgniter\Database\BaseConnection->query('SELECT *\nFROM `...', Array, false)
#5 C:\xampp\htdocs\IT0049-TC36\system\Model.php(255): CodeIgniter\Database\BaseBuilder->get()
#6 C:\xampp\htdocs\IT0049-TC36\system\BaseModel.php(676): CodeIgniter\Model->doFindAll(0, 0)
#7 C:\xampp\htdocs\IT0049-TC36\app\Controllers\Users.php(14): CodeIgniter\BaseModel->findAll()
#8 C:\xampp\htdocs\IT0049-TC36\system\CodeIgniter.php(974): App\Controllers\Users->index()
#9 C:\xampp\htdocs\IT0049-TC36\system\CodeIgniter.php(520): CodeIgniter\CodeIgniter->runController(Object(App\Controllers\Users))
#10 C:\xampp\htdocs\IT0049-TC36\system\CodeIgniter.php(363): CodeIgniter\CodeIgniter->handleRequest(NULL, Object(Config\Cache), false)
#11 C:\xampp\htdocs\IT0049-TC36\system\Boot.php(417): CodeIgniter\CodeIgniter->run()
#12 C:\xampp\htdocs\IT0049-TC36\system\Boot.php(68): CodeIgniter\Boot::runCodeIgniter(Object(CodeIgniter\CodeIgniter))
#13 C:\xampp\htdocs\IT0049-TC36\public\index.php(59): CodeIgniter\Boot::bootWeb(Object(Config\Paths))
#14 C:\xampp\htdocs\IT0049-TC36\system\rewrite.php(44): require_once('C:\\xampp\\htdocs...')
#15 {main}

Next mysqli_sql_exception: MySQL server has gone away in C:\xampp\htdocs\IT0049-TC36\system\Database\MySQLi\Connection.php:201
Stack trace:
#0 C:\xampp\htdocs\IT0049-TC36\system\Database\MySQLi\Connection.php(201): mysqli->real_connect('localhost', 'root', Object(SensitiveParameterValue), 'technical', 3306, '', 0)
#1 C:\xampp\htdocs\IT0049-TC36\system\Database\BaseConnection.php(555): CodeIgniter\Database\MySQLi\Connection->connect(false)
#2 C:\xampp\htdocs\IT0049-TC36\system\Database\BaseConnection.php(795): CodeIgniter\Database\BaseConnection->initialize()
#3 C:\xampp\htdocs\IT0049-TC36\system\Database\BaseBuilder.php(1659): CodeIgniter\Database\BaseConnection->query('SELECT *\nFROM `...', Array, false)
#4 C:\xampp\htdocs\IT0049-TC36\system\Model.php(255): CodeIgniter\Database\BaseBuilder->get()
#5 C:\xampp\htdocs\IT0049-TC36\system\BaseModel.php(676): CodeIgniter\Model->doFindAll(0, 0)
#6 C:\xampp\htdocs\IT0049-TC36\app\Controllers\Users.php(14): CodeIgniter\BaseModel->findAll()
#7 C:\xampp\htdocs\IT0049-TC36\system\CodeIgniter.php(974): App\Controllers\Users->index()
#8 C:\xampp\htdocs\IT0049-TC36\system\CodeIgniter.php(520): CodeIgniter\CodeIgniter->runController(Object(App\Controllers\Users))
#9 C:\xampp\htdocs\IT0049-TC36\system\CodeIgniter.php(363): CodeIgniter\CodeIgniter->handleRequest(NULL, Object(Config\Cache), false)
#10 C:\xampp\htdocs\IT0049-TC36\system\Boot.php(417): CodeIgniter\CodeIgniter->run()
#11 C:\xampp\htdocs\IT0049-TC36\system\Boot.php(68): CodeIgniter\Boot::runCodeIgniter(Object(CodeIgniter\CodeIgniter))
#12 C:\xampp\htdocs\IT0049-TC36\public\index.php(59): CodeIgniter\Boot::bootWeb(Object(Config\Paths))
#13 C:\xampp\htdocs\IT0049-TC36\system\rewrite.php(44): require_once('C:\\xampp\\htdocs...')
#14 {main}

Next CodeIgniter\Database\Exceptions\DatabaseException: MySQL server has gone away in C:\xampp\htdocs\IT0049-TC36\system\Database\MySQLi\Connection.php:231
Stack trace:
#0 C:\xampp\htdocs\IT0049-TC36\system\Database\BaseConnection.php(555): CodeIgniter\Database\MySQLi\Connection->connect(false)
#1 C:\xampp\htdocs\IT0049-TC36\system\Database\BaseConnection.php(795): CodeIgniter\Database\BaseConnection->initialize()
#2 C:\xampp\htdocs\IT0049-TC36\system\Database\BaseBuilder.php(1659): CodeIgniter\Database\BaseConnection->query('SELECT *\nFROM `...', Array, false)
#3 C:\xampp\htdocs\IT0049-TC36\system\Model.php(255): CodeIgniter\Database\BaseBuilder->get()
#4 C:\xampp\htdocs\IT0049-TC36\system\BaseModel.php(676): CodeIgniter\Model->doFindAll(0, 0)
#5 C:\xampp\htdocs\IT0049-TC36\app\Controllers\Users.php(14): CodeIgniter\BaseModel->findAll()
#6 C:\xampp\htdocs\IT0049-TC36\system\CodeIgniter.php(974): App\Controllers\Users->index()
#7 C:\xampp\htdocs\IT0049-TC36\system\CodeIgniter.php(520): CodeIgniter\CodeIgniter->runController(Object(App\Controllers\Users))
#8 C:\xampp\htdocs\IT0049-TC36\system\CodeIgniter.php(363): CodeIgniter\CodeIgniter->handleRequest(NULL, Object(Config\Cache), false)
#9 C:\xampp\htdocs\IT0049-TC36\system\Boot.php(417): CodeIgniter\CodeIgniter->run()
#10 C:\xampp\htdocs\IT0049-TC36\system\Boot.php(68): CodeIgniter\Boot::runCodeIgniter(Object(CodeIgniter\CodeIgniter))
#11 C:\xampp\htdocs\IT0049-TC36\public\index.php(59): CodeIgniter\Boot::bootWeb(Object(Config\Paths))
#12 C:\xampp\htdocs\IT0049-TC36\system\rewrite.php(44): require_once('C:\\xampp\\htdocs...')
#13 {main}
CRITICAL - 2026-10-06 16:15:35 --> CodeIgniter\Database\Exceptions\DatabaseException: Unable to connect to the database.
Main connection [MySQLi]: MySQL server has gone away
[Method: GET, Route: users]
in SYSTEMPATH\Database\BaseConnection.php on line 606.
 1 SYSTEMPATH\Database\BaseConnection.php(795): CodeIgniter\Database\BaseConnection->initialize()
 2 SYSTEMPATH\Database\BaseBuilder.php(1659): CodeIgniter\Database\BaseConnection->query('SELECT *
FROM `users`', [], false)
 3 SYSTEMPATH\Model.php(255): CodeIgniter\Database\BaseBuilder->get()
 4 SYSTEMPATH\BaseModel.php(676): CodeIgniter\Model->doFindAll(0, 0)
 5 APPPATH\Controllers\Users.php(14): CodeIgniter\BaseModel->findAll()
 6 SYSTEMPATH\CodeIgniter.php(974): App\Controllers\Users->index()
 7 SYSTEMPATH\CodeIgniter.php(520): CodeIgniter\CodeIgniter->runController(Object(App\Controllers\Users))
 8 SYSTEMPATH\CodeIgniter.php(363): CodeIgniter\CodeIgniter->handleRequest(null, Object(Config\Cache), false)
 9 SYSTEMPATH\Boot.php(417): CodeIgniter\CodeIgniter->run()
10 SYSTEMPATH\Boot.php(68): CodeIgniter\Boot::runCodeIgniter(Object(CodeIgniter\CodeIgniter))
11 FCPATH\index.php(59): CodeIgniter\Boot::bootWeb(Object(Config\Paths))
12 SYSTEMPATH\rewrite.php(44): require_once('C:\\xampp\\htdocs\\IT0049-TC36\\public\\index.php')
ERROR - 2026-10-06 16:15:39 --> Error connecting to the database: mysqli_sql_exception: No connection could be made because the target machine actively refused it in C:\xampp\htdocs\IT0049-TC36\system\Database\MySQLi\Connection.php:201
Stack trace:
#0 C:\xampp\htdocs\IT0049-TC36\system\Database\MySQLi\Connection.php(201): mysqli->real_connect('localhost', 'root', Object(SensitiveParameterValue), 'technical', 3306, '', 0)
#1 C:\xampp\htdocs\IT0049-TC36\system\Database\BaseConnection.php(555): CodeIgniter\Database\MySQLi\Connection->connect(false)
#2 C:\xampp\htdocs\IT0049-TC36\system\Database\BaseConnection.php(795): CodeIgniter\Database\BaseConnection->initialize()
#3 C:\xampp\htdocs\IT0049-TC36\system\Database\BaseBuilder.php(1659): CodeIgniter\Database\BaseConnection->query('SELECT *\nFROM `...', Array, false)
#4 C:\xampp\htdocs\IT0049-TC36\system\Model.php(255): CodeIgniter\Database\BaseBuilder->get()
#5 C:\xampp\htdocs\IT0049-TC36\system\BaseModel.php(676): CodeIgniter\Model->doFindAll(0, 0)
#6 C:\xampp\htdocs\IT0049-TC36\app\Controllers\Customers.php(14): CodeIgniter\BaseModel->findAll()
#7 C:\xampp\htdocs\IT0049-TC36\system\CodeIgniter.php(974): App\Controllers\Customers->index()
#8 C:\xampp\htdocs\IT0049-TC36\system\CodeIgniter.php(520): CodeIgniter\CodeIgniter->runController(Object(App\Controllers\Customers))
#9 C:\xampp\htdocs\IT0049-TC36\system\CodeIgniter.php(363): CodeIgniter\CodeIgniter->handleRequest(NULL, Object(Config\Cache), false)
#10 C:\xampp\htdocs\IT0049-TC36\system\Boot.php(417): CodeIgniter\CodeIgniter->run()
#11 C:\xampp\htdocs\IT0049-TC36\system\Boot.php(68): CodeIgniter\Boot::runCodeIgniter(Object(CodeIgniter\CodeIgniter))
#12 C:\xampp\htdocs\IT0049-TC36\public\index.php(59): CodeIgniter\Boot::bootWeb(Object(Config\Paths))
#13 C:\xampp\htdocs\IT0049-TC36\system\rewrite.php(44): require_once('C:\\xampp\\htdocs...')
#14 {main}

Next CodeIgniter\Database\Exceptions\DatabaseException: No connection could be made because the target machine actively refused it in C:\xampp\htdocs\IT0049-TC36\system\Database\MySQLi\Connection.php:231
Stack trace:
#0 C:\xampp\htdocs\IT0049-TC36\system\Database\BaseConnection.php(555): CodeIgniter\Database\MySQLi\Connection->connect(false)
#1 C:\xampp\htdocs\IT0049-TC36\system\Database\BaseConnection.php(795): CodeIgniter\Database\BaseConnection->initialize()
#2 C:\xampp\htdocs\IT0049-TC36\system\Database\BaseBuilder.php(1659): CodeIgniter\Database\BaseConnection->query('SELECT *\nFROM `...', Array, false)
#3 C:\xampp\htdocs\IT0049-TC36\system\Model.php(255): CodeIgniter\Database\BaseBuilder->get()
#4 C:\xampp\htdocs\IT0049-TC36\system\BaseModel.php(676): CodeIgniter\Model->doFindAll(0, 0)
#5 C:\xampp\htdocs\IT0049-TC36\app\Controllers\Customers.php(14): CodeIgniter\BaseModel->findAll()
#6 C:\xampp\htdocs\IT0049-TC36\system\CodeIgniter.php(974): App\Controllers\Customers->index()
#7 C:\xampp\htdocs\IT0049-TC36\system\CodeIgniter.php(520): CodeIgniter\CodeIgniter->runController(Object(App\Controllers\Customers))
#8 C:\xampp\htdocs\IT0049-TC36\system\CodeIgniter.php(363): CodeIgniter\CodeIgniter->handleRequest(NULL, Object(Config\Cache), false)
#9 C:\xampp\htdocs\IT0049-TC36\system\Boot.php(417): CodeIgniter\CodeIgniter->run()
#10 C:\xampp\htdocs\IT0049-TC36\system\Boot.php(68): CodeIgniter\Boot::runCodeIgniter(Object(CodeIgniter\CodeIgniter))
#11 C:\xampp\htdocs\IT0049-TC36\public\index.php(59): CodeIgniter\Boot::bootWeb(Object(Config\Paths))
#12 C:\xampp\htdocs\IT0049-TC36\system\rewrite.php(44): require_once('C:\\xampp\\htdocs...')
#13 {main}
CRITICAL - 2026-10-06 16:15:39 --> CodeIgniter\Database\Exceptions\DatabaseException: Unable to connect to the database.
Main connection [MySQLi]: No connection could be made because the target machine actively refused it
[Method: GET, Route: customers]
in SYSTEMPATH\Database\BaseConnection.php on line 606.
 1 SYSTEMPATH\Database\BaseConnection.php(795): CodeIgniter\Database\BaseConnection->initialize()
 2 SYSTEMPATH\Database\BaseBuilder.php(1659): CodeIgniter\Database\BaseConnection->query('SELECT *
FROM `customers`', [], false)
 3 SYSTEMPATH\Model.php(255): CodeIgniter\Database\BaseBuilder->get()
 4 SYSTEMPATH\BaseModel.php(676): CodeIgniter\Model->doFindAll(0, 0)
 5 APPPATH\Controllers\Customers.php(14): CodeIgniter\BaseModel->findAll()
 6 SYSTEMPATH\CodeIgniter.php(974): App\Controllers\Customers->index()
 7 SYSTEMPATH\CodeIgniter.php(520): CodeIgniter\CodeIgniter->runController(Object(App\Controllers\Customers))
 8 SYSTEMPATH\CodeIgniter.php(363): CodeIgniter\CodeIgniter->handleRequest(null, Object(Config\Cache), false)
 9 SYSTEMPATH\Boot.php(417): CodeIgniter\CodeIgniter->run()
10 SYSTEMPATH\Boot.php(68): CodeIgniter\Boot::runCodeIgniter(Object(CodeIgniter\CodeIgniter))
11 FCPATH\index.php(59): CodeIgniter\Boot::bootWeb(Object(Config\Paths))
12 SYSTEMPATH\rewrite.php(44): require_once('C:\\xampp\\htdocs\\IT0049-TC36\\public\\index.php')
ERROR - 2026-10-06 16:16:48 --> Error connecting to the database: mysqli_sql_exception: No connection could be made because the target machine actively refused it in C:\xampp\htdocs\IT0049-TC36\system\Database\MySQLi\Connection.php:201
Stack trace:
#0 C:\xampp\htdocs\IT0049-TC36\system\Database\MySQLi\Connection.php(201): mysqli->real_connect('localhost', 'root', Object(SensitiveParameterValue), 'technical', 3306, '', 0)
#1 C:\xampp\htdocs\IT0049-TC36\system\Database\BaseConnection.php(555): CodeIgniter\Database\MySQLi\Connection->connect(false)
#2 C:\xampp\htdocs\IT0049-TC36\system\Database\BaseConnection.php(795): CodeIgniter\Database\BaseConnection->initialize()
#3 C:\xampp\htdocs\IT0049-TC36\system\Database\BaseBuilder.php(1659): CodeIgniter\Database\BaseConnection->query('SELECT *\nFROM `...', Array, false)
#4 C:\xampp\htdocs\IT0049-TC36\system\Model.php(255): CodeIgniter\Database\BaseBuilder->get()
#5 C:\xampp\htdocs\IT0049-TC36\system\BaseModel.php(676): CodeIgniter\Model->doFindAll(0, 0)
#6 C:\xampp\htdocs\IT0049-TC36\app\Controllers\Users.php(14): CodeIgniter\BaseModel->findAll()
#7 C:\xampp\htdocs\IT0049-TC36\system\CodeIgniter.php(974): App\Controllers\Users->index()
#8 C:\xampp\htdocs\IT0049-TC36\system\CodeIgniter.php(520): CodeIgniter\CodeIgniter->runController(Object(App\Controllers\Users))
#9 C:\xampp\htdocs\IT0049-TC36\system\CodeIgniter.php(363): CodeIgniter\CodeIgniter->handleRequest(NULL, Object(Config\Cache), false)
#10 C:\xampp\htdocs\IT0049-TC36\system\Boot.php(417): CodeIgniter\CodeIgniter->run()
#11 C:\xampp\htdocs\IT0049-TC36\system\Boot.php(68): CodeIgniter\Boot::runCodeIgniter(Object(CodeIgniter\CodeIgniter))
#12 C:\xampp\htdocs\IT0049-TC36\public\index.php(59): CodeIgniter\Boot::bootWeb(Object(Config\Paths))
#13 C:\xampp\htdocs\IT0049-TC36\system\rewrite.php(44): require_once('C:\\xampp\\htdocs...')
#14 {main}

Next CodeIgniter\Database\Exceptions\DatabaseException: No connection could be made because the target machine actively refused it in C:\xampp\htdocs\IT0049-TC36\system\Database\MySQLi\Connection.php:231
Stack trace:
#0 C:\xampp\htdocs\IT0049-TC36\system\Database\BaseConnection.php(555): CodeIgniter\Database\MySQLi\Connection->connect(false)
#1 C:\xampp\htdocs\IT0049-TC36\system\Database\BaseConnection.php(795): CodeIgniter\Database\BaseConnection->initialize()
#2 C:\xampp\htdocs\IT0049-TC36\system\Database\BaseBuilder.php(1659): CodeIgniter\Database\BaseConnection->query('SELECT *\nFROM `...', Array, false)
#3 C:\xampp\htdocs\IT0049-TC36\system\Model.php(255): CodeIgniter\Database\BaseBuilder->get()
#4 C:\xampp\htdocs\IT0049-TC36\system\BaseModel.php(676): CodeIgniter\Model->doFindAll(0, 0)
#5 C:\xampp\htdocs\IT0049-TC36\app\Controllers\Users.php(14): CodeIgniter\BaseModel->findAll()
#6 C:\xampp\htdocs\IT0049-TC36\system\CodeIgniter.php(974): App\Controllers\Users->index()
#7 C:\xampp\htdocs\IT0049-TC36\system\CodeIgniter.php(520): CodeIgniter\CodeIgniter->runController(Object(App\Controllers\Users))
#8 C:\xampp\htdocs\IT0049-TC36\system\CodeIgniter.php(363): CodeIgniter\CodeIgniter->handleRequest(NULL, Object(Config\Cache), false)
#9 C:\xampp\htdocs\IT0049-TC36\system\Boot.php(417): CodeIgniter\CodeIgniter->run()
#10 C:\xampp\htdocs\IT0049-TC36\system\Boot.php(68): CodeIgniter\Boot::runCodeIgniter(Object(CodeIgniter\CodeIgniter))
#11 C:\xampp\htdocs\IT0049-TC36\public\index.php(59): CodeIgniter\Boot::bootWeb(Object(Config\Paths))
#12 C:\xampp\htdocs\IT0049-TC36\system\rewrite.php(44): require_once('C:\\xampp\\htdocs...')
#13 {main}
CRITICAL - 2026-10-06 16:16:48 --> CodeIgniter\Database\Exceptions\DatabaseException: Unable to connect to the database.
Main connection [MySQLi]: No connection could be made because the target machine actively refused it
[Method: GET, Route: users]
in SYSTEMPATH\Database\BaseConnection.php on line 606.
 1 SYSTEMPATH\Database\BaseConnection.php(795): CodeIgniter\Database\BaseConnection->initialize()
 2 SYSTEMPATH\Database\BaseBuilder.php(1659): CodeIgniter\Database\BaseConnection->query('SELECT *
FROM `users`', [], false)
 3 SYSTEMPATH\Model.php(255): CodeIgniter\Database\BaseBuilder->get()
 4 SYSTEMPATH\BaseModel.php(676): CodeIgniter\Model->doFindAll(0, 0)
 5 APPPATH\Controllers\Users.php(14): CodeIgniter\BaseModel->findAll()
 6 SYSTEMPATH\CodeIgniter.php(974): App\Controllers\Users->index()
 7 SYSTEMPATH\CodeIgniter.php(520): CodeIgniter\CodeIgniter->runController(Object(App\Controllers\Users))
 8 SYSTEMPATH\CodeIgniter.php(363): CodeIgniter\CodeIgniter->handleRequest(null, Object(Config\Cache), false)
 9 SYSTEMPATH\Boot.php(417): CodeIgniter\CodeIgniter->run()
10 SYSTEMPATH\Boot.php(68): CodeIgniter\Boot::runCodeIgniter(Object(CodeIgniter\CodeIgniter))
11 FCPATH\index.php(59): CodeIgniter\Boot::bootWeb(Object(Config\Paths))
12 SYSTEMPATH\rewrite.php(44): require_once('C:\\xampp\\htdocs\\IT0049-TC36\\public\\index.php')
DEBUG - 2026-10-06 16:21:41 --> Session: Class initialized using 'CodeIgniter\Session\Handlers\FileHandler' driver.
CRITICAL - 2026-10-06 16:21:44 --> TypeError: CodeIgniter\Validation\StrictRules\FileRules::max_size(): Argument #1 ($blank) must be of type ?string, CodeIgniter\HTTP\Files\UploadedFile given, called in C:\xampp\htdocs\IT0049-TC36\system\Validation\Validation.php on line 345
[Method: POST, Route: users/update/1]
in SYSTEMPATH\Validation\StrictRules\FileRules.php on line 86.
 1 SYSTEMPATH\Validation\Validation.php(345): CodeIgniter\Validation\StrictRules\FileRules->max_size(Object(CodeIgniter\HTTP\Files\UploadedFile), 'avatar,2048', [...], null, 'avatar')
 2 SYSTEMPATH\Validation\Validation.php(210): CodeIgniter\Validation\Validation->processRules('avatar', 'avatar', Object(CodeIgniter\HTTP\Files\UploadedFile), [...], [...], 'avatar')
 3 SYSTEMPATH\Controller.php(151): CodeIgniter\Validation\Validation->run([...], null, null)
 4 APPPATH\Controllers\Users.php(79): CodeIgniter\Controller->validateData([...], [...])
 5 SYSTEMPATH\CodeIgniter.php(974): App\Controllers\Users->update('1')
 6 SYSTEMPATH\CodeIgniter.php(520): CodeIgniter\CodeIgniter->runController(Object(App\Controllers\Users))
 7 SYSTEMPATH\CodeIgniter.php(363): CodeIgniter\CodeIgniter->handleRequest(null, Object(Config\Cache), false)
 8 SYSTEMPATH\Boot.php(417): CodeIgniter\CodeIgniter->run()
 9 SYSTEMPATH\Boot.php(68): CodeIgniter\Boot::runCodeIgniter(Object(CodeIgniter\CodeIgniter))
10 FCPATH\index.php(59): CodeIgniter\Boot::bootWeb(Object(Config\Paths))
11 SYSTEMPATH\rewrite.php(44): require_once('C:\\xampp\\htdocs\\IT0049-TC36\\public\\index.php')
DEBUG - 2026-10-06 16:25:32 --> Session: Class initialized using 'CodeIgniter\Session\Handlers\FileHandler' driver.
DEBUG - 2026-10-06 16:25:35 --> Session: Class initialized using 'CodeIgniter\Session\Handlers\FileHandler' driver.
CRITICAL - 2026-10-06 16:25:38 --> TypeError: CodeIgniter\Validation\StrictRules\FileRules::max_size(): Argument #1 ($blank) must be of type ?string, CodeIgniter\HTTP\Files\UploadedFile given, called in C:\xampp\htdocs\IT0049-TC36\system\Validation\Validation.php on line 345
[Method: POST, Route: users/update/1]
in SYSTEMPATH\Validation\StrictRules\FileRules.php on line 86.
 1 SYSTEMPATH\Validation\Validation.php(345): CodeIgniter\Validation\StrictRules\FileRules->max_size(Object(CodeIgniter\HTTP\Files\UploadedFile), 'avatar,2048', [...], null, 'avatar')
 2 SYSTEMPATH\Validation\Validation.php(210): CodeIgniter\Validation\Validation->processRules('avatar', 'avatar', Object(CodeIgniter\HTTP\Files\UploadedFile), [...], [...], 'avatar')
 3 SYSTEMPATH\Controller.php(151): CodeIgniter\Validation\Validation->run([...], null, null)
 4 APPPATH\Controllers\Users.php(80): CodeIgniter\Controller->validateData([...], [...])
 5 SYSTEMPATH\CodeIgniter.php(974): App\Controllers\Users->update('1')
 6 SYSTEMPATH\CodeIgniter.php(520): CodeIgniter\CodeIgniter->runController(Object(App\Controllers\Users))
 7 SYSTEMPATH\CodeIgniter.php(363): CodeIgniter\CodeIgniter->handleRequest(null, Object(Config\Cache), false)
 8 SYSTEMPATH\Boot.php(417): CodeIgniter\CodeIgniter->run()
 9 SYSTEMPATH\Boot.php(68): CodeIgniter\Boot::runCodeIgniter(Object(CodeIgniter\CodeIgniter))
10 FCPATH\index.php(59): CodeIgniter\Boot::bootWeb(Object(Config\Paths))
11 SYSTEMPATH\rewrite.php(44): require_once('C:\\xampp\\htdocs\\IT0049-TC36\\public\\index.php')
DEBUG - 2026-10-06 16:31:56 --> Session: Class initialized using 'CodeIgniter\Session\Handlers\FileHandler' driver.
DEBUG - 2026-10-06 16:32:05 --> Session: Class initialized using 'CodeIgniter\Session\Handlers\FileHandler' driver.
ERROR - 2026-10-06 16:32:13 --> MySQL server has gone away
in SYSTEMPATH\Database\MySQLi\Connection.php on line 300.
 1 SYSTEMPATH\Database\MySQLi\Connection.php(300): mysqli->query('UPDATE `users` SET `username` = \'ajohnson1\', `full_name` = \'Alice Johnson\'
WHERE `users`.`id` IN (\'1\')', 0)
 2 SYSTEMPATH\Database\BaseConnection.php(908): CodeIgniter\Database\MySQLi\Connection->execute('UPDATE `users` SET `username` = \'ajohnson1\', `full_name` = \'Alice Johnson\'
WHERE `users`.`id` IN (\'1\')')
 3 SYSTEMPATH\Database\BaseConnection.php(825): CodeIgniter\Database\BaseConnection->simpleQuery('UPDATE `users` SET `username` = \'ajohnson1\', `full_name` = \'Alice Johnson\'
WHERE `users`.`id` IN (\'1\')')
 4 SYSTEMPATH\Database\BaseBuilder.php(2531): CodeIgniter\Database\BaseConnection->query('UPDATE `users` SET `username` = :username:, `full_name` = :full_name:
WHERE `users`.`id` IN :users.id:', [...], false)
 5 SYSTEMPATH\Model.php(408): CodeIgniter\Database\BaseBuilder->update()
 6 SYSTEMPATH\BaseModel.php(1074): CodeIgniter\Model->doUpdate([...], [...])
 7 SYSTEMPATH\Model.php(711): CodeIgniter\BaseModel->update([...], [...])
 8 APPPATH\Controllers\Users.php(119): CodeIgniter\Model->update('1', [...])
 9 SYSTEMPATH\CodeIgniter.php(974): App\Controllers\Users->update('1')
10 SYSTEMPATH\CodeIgniter.php(520): CodeIgniter\CodeIgniter->runController(Object(App\Controllers\Users))
11 SYSTEMPATH\CodeIgniter.php(363): CodeIgniter\CodeIgniter->handleRequest(null, Object(Config\Cache), false)
12 SYSTEMPATH\Boot.php(417): CodeIgniter\CodeIgniter->run()
13 SYSTEMPATH\Boot.php(68): CodeIgniter\Boot::runCodeIgniter(Object(CodeIgniter\CodeIgniter))
14 FCPATH\index.php(59): CodeIgniter\Boot::bootWeb(Object(Config\Paths))
15 SYSTEMPATH\rewrite.php(44): require_once('C:\\xampp\\htdocs\\IT0049-TC36\\public\\index.php')
CRITICAL - 2026-10-06 16:32:13 --> CodeIgniter\Database\Exceptions\DatabaseException: MySQL server has gone away
[Method: POST, Route: users/update/1]
in SYSTEMPATH\Database\BaseConnection.php on line 863.
 1 SYSTEMPATH\Database\BaseBuilder.php(2531): CodeIgniter\Database\BaseConnection->query('UPDATE `users` SET `username` = :username:, `full_name` = :full_name:
WHERE `users`.`id` IN :users.id:', [...], false)
 2 SYSTEMPATH\Model.php(408): CodeIgniter\Database\BaseBuilder->update()
 3 SYSTEMPATH\BaseModel.php(1074): CodeIgniter\Model->doUpdate([...], [...])
 4 SYSTEMPATH\Model.php(711): CodeIgniter\BaseModel->update([...], [...])
 5 APPPATH\Controllers\Users.php(119): CodeIgniter\Model->update('1', [...])
 6 SYSTEMPATH\CodeIgniter.php(974): App\Controllers\Users->update('1')
 7 SYSTEMPATH\CodeIgniter.php(520): CodeIgniter\CodeIgniter->runController(Object(App\Controllers\Users))
 8 SYSTEMPATH\CodeIgniter.php(363): CodeIgniter\CodeIgniter->handleRequest(null, Object(Config\Cache), false)
 9 SYSTEMPATH\Boot.php(417): CodeIgniter\CodeIgniter->run()
10 SYSTEMPATH\Boot.php(68): CodeIgniter\Boot::runCodeIgniter(Object(CodeIgniter\CodeIgniter))
11 FCPATH\index.php(59): CodeIgniter\Boot::bootWeb(Object(Config\Paths))
12 SYSTEMPATH\rewrite.php(44): require_once('C:\\xampp\\htdocs\\IT0049-TC36\\public\\index.php')
CRITICAL - 2026-10-06 16:32:13 --> [Caused by] CodeIgniter\Database\Exceptions\DatabaseException: MySQL server has gone away
in SYSTEMPATH\Database\MySQLi\Connection.php on line 310.
 1 SYSTEMPATH\Database\BaseConnection.php(908): CodeIgniter\Database\MySQLi\Connection->execute('UPDATE `users` SET `username` = \'ajohnson1\', `full_name` = \'Alice Johnson\'
WHERE `users`.`id` IN (\'1\')')
 2 SYSTEMPATH\Database\BaseConnection.php(825): CodeIgniter\Database\BaseConnection->simpleQuery('UPDATE `users` SET `username` = \'ajohnson1\', `full_name` = \'Alice Johnson\'
WHERE `users`.`id` IN (\'1\')')
 3 SYSTEMPATH\Database\BaseBuilder.php(2531): CodeIgniter\Database\BaseConnection->query('UPDATE `users` SET `username` = :username:, `full_name` = :full_name:
WHERE `users`.`id` IN :users.id:', [...], false)
 4 SYSTEMPATH\Model.php(408): CodeIgniter\Database\BaseBuilder->update()
 5 SYSTEMPATH\BaseModel.php(1074): CodeIgniter\Model->doUpdate([...], [...])
 6 SYSTEMPATH\Model.php(711): CodeIgniter\BaseModel->update([...], [...])
 7 APPPATH\Controllers\Users.php(119): CodeIgniter\Model->update('1', [...])
 8 SYSTEMPATH\CodeIgniter.php(974): App\Controllers\Users->update('1')
 9 SYSTEMPATH\CodeIgniter.php(520): CodeIgniter\CodeIgniter->runController(Object(App\Controllers\Users))
10 SYSTEMPATH\CodeIgniter.php(363): CodeIgniter\CodeIgniter->handleRequest(null, Object(Config\Cache), false)
11 SYSTEMPATH\Boot.php(417): CodeIgniter\CodeIgniter->run()
12 SYSTEMPATH\Boot.php(68): CodeIgniter\Boot::runCodeIgniter(Object(CodeIgniter\CodeIgniter))
13 FCPATH\index.php(59): CodeIgniter\Boot::bootWeb(Object(Config\Paths))
14 SYSTEMPATH\rewrite.php(44): require_once('C:\\xampp\\htdocs\\IT0049-TC36\\public\\index.php')
CRITICAL - 2026-10-06 16:32:13 --> [Caused by] mysqli_sql_exception: MySQL server has gone away
in SYSTEMPATH\Database\MySQLi\Connection.php on line 300.
 1 SYSTEMPATH\Database\MySQLi\Connection.php(300): mysqli->query('UPDATE `users` SET `username` = \'ajohnson1\', `full_name` = \'Alice Johnson\'
WHERE `users`.`id` IN (\'1\')', 0)
 2 SYSTEMPATH\Database\BaseConnection.php(908): CodeIgniter\Database\MySQLi\Connection->execute('UPDATE `users` SET `username` = \'ajohnson1\', `full_name` = \'Alice Johnson\'
WHERE `users`.`id` IN (\'1\')')
 3 SYSTEMPATH\Database\BaseConnection.php(825): CodeIgniter\Database\BaseConnection->simpleQuery('UPDATE `users` SET `username` = \'ajohnson1\', `full_name` = \'Alice Johnson\'
WHERE `users`.`id` IN (\'1\')')
 4 SYSTEMPATH\Database\BaseBuilder.php(2531): CodeIgniter\Database\BaseConnection->query('UPDATE `users` SET `username` = :username:, `full_name` = :full_name:
WHERE `users`.`id` IN :users.id:', [...], false)
 5 SYSTEMPATH\Model.php(408): CodeIgniter\Database\BaseBuilder->update()
 6 SYSTEMPATH\BaseModel.php(1074): CodeIgniter\Model->doUpdate([...], [...])
 7 SYSTEMPATH\Model.php(711): CodeIgniter\BaseModel->update([...], [...])
 8 APPPATH\Controllers\Users.php(119): CodeIgniter\Model->update('1', [...])
 9 SYSTEMPATH\CodeIgniter.php(974): App\Controllers\Users->update('1')
10 SYSTEMPATH\CodeIgniter.php(520): CodeIgniter\CodeIgniter->runController(Object(App\Controllers\Users))
11 SYSTEMPATH\CodeIgniter.php(363): CodeIgniter\CodeIgniter->handleRequest(null, Object(Config\Cache), false)
12 SYSTEMPATH\Boot.php(417): CodeIgniter\CodeIgniter->run()
13 SYSTEMPATH\Boot.php(68): CodeIgniter\Boot::runCodeIgniter(Object(CodeIgniter\CodeIgniter))
14 FCPATH\index.php(59): CodeIgniter\Boot::bootWeb(Object(Config\Paths))
15 SYSTEMPATH\rewrite.php(44): require_once('C:\\xampp\\htdocs\\IT0049-TC36\\public\\index.php')
DEBUG - 2026-10-06 16:39:25 --> Session: Class initialized using 'CodeIgniter\Session\Handlers\FileHandler' driver.
DEBUG - 2026-10-06 16:39:27 --> Session: Class initialized using 'CodeIgniter\Session\Handlers\FileHandler' driver.
DEBUG - 2026-10-06 16:39:36 --> Session: Class initialized using 'CodeIgniter\Session\Handlers\FileHandler' driver.
CRITICAL - 2026-10-06 16:39:40 --> TypeError: CodeIgniter\Validation\StrictRules\FileRules::uploaded(): Argument #1 ($blank) must be of type ?string, CodeIgniter\HTTP\Files\UploadedFile given, called in C:\xampp\htdocs\IT0049-TC36\system\Validation\Validation.php on line 345
[Method: POST, Route: users/update/1]
in SYSTEMPATH\Validation\StrictRules\FileRules.php on line 54.
 1 SYSTEMPATH\Validation\Validation.php(345): CodeIgniter\Validation\StrictRules\FileRules->uploaded(Object(CodeIgniter\HTTP\Files\UploadedFile), 'avatar', [...], null, 'avatar')
 2 SYSTEMPATH\Validation\Validation.php(210): CodeIgniter\Validation\Validation->processRules('avatar', 'avatar', Object(CodeIgniter\HTTP\Files\UploadedFile), [...], [...], 'avatar')
 3 SYSTEMPATH\Controller.php(151): CodeIgniter\Validation\Validation->run([...], null, null)
 4 APPPATH\Controllers\Users.php(88): CodeIgniter\Controller->validateData([...], [...])
 5 SYSTEMPATH\CodeIgniter.php(974): App\Controllers\Users->update('1')
 6 SYSTEMPATH\CodeIgniter.php(520): CodeIgniter\CodeIgniter->runController(Object(App\Controllers\Users))
 7 SYSTEMPATH\CodeIgniter.php(363): CodeIgniter\CodeIgniter->handleRequest(null, Object(Config\Cache), false)
 8 SYSTEMPATH\Boot.php(417): CodeIgniter\CodeIgniter->run()
 9 SYSTEMPATH\Boot.php(68): CodeIgniter\Boot::runCodeIgniter(Object(CodeIgniter\CodeIgniter))
10 FCPATH\index.php(59): CodeIgniter\Boot::bootWeb(Object(Config\Paths))
11 SYSTEMPATH\rewrite.php(44): require_once('C:\\xampp\\htdocs\\IT0049-TC36\\public\\index.php')
DEBUG - 2026-10-06 16:44:09 --> Session: Class initialized using 'CodeIgniter\Session\Handlers\FileHandler' driver.
CRITICAL - 2026-10-06 16:44:12 --> TypeError: CodeIgniter\Validation\StrictRules\FileRules::uploaded(): Argument #1 ($blank) must be of type ?string, CodeIgniter\HTTP\Files\UploadedFile given, called in C:\xampp\htdocs\IT0049-TC36\system\Validation\Validation.php on line 345
[Method: POST, Route: users/update/1]
in SYSTEMPATH\Validation\StrictRules\FileRules.php on line 54.
 1 SYSTEMPATH\Validation\Validation.php(345): CodeIgniter\Validation\StrictRules\FileRules->uploaded(Object(CodeIgniter\HTTP\Files\UploadedFile), 'avatar', [...], null, 'avatar')
 2 SYSTEMPATH\Validation\Validation.php(210): CodeIgniter\Validation\Validation->processRules('avatar', 'avatar', Object(CodeIgniter\HTTP\Files\UploadedFile), [...], [...], 'avatar')
 3 SYSTEMPATH\Controller.php(151): CodeIgniter\Validation\Validation->run([...], null, null)
 4 APPPATH\Controllers\Users.php(88): CodeIgniter\Controller->validateData([...], [...])
 5 SYSTEMPATH\CodeIgniter.php(974): App\Controllers\Users->update('1')
 6 SYSTEMPATH\CodeIgniter.php(520): CodeIgniter\CodeIgniter->runController(Object(App\Controllers\Users))
 7 SYSTEMPATH\CodeIgniter.php(363): CodeIgniter\CodeIgniter->handleRequest(null, Object(Config\Cache), false)
 8 SYSTEMPATH\Boot.php(417): CodeIgniter\CodeIgniter->run()
 9 SYSTEMPATH\Boot.php(68): CodeIgniter\Boot::runCodeIgniter(Object(CodeIgniter\CodeIgniter))
10 FCPATH\index.php(59): CodeIgniter\Boot::bootWeb(Object(Config\Paths))
11 SYSTEMPATH\rewrite.php(44): require_once('C:\\xampp\\htdocs\\IT0049-TC36\\public\\index.php')
DEBUG - 2026-10-06 16:45:12 --> Session: Class initialized using 'CodeIgniter\Session\Handlers\FileHandler' driver.
DEBUG - 2026-10-06 16:45:14 --> Session: Class initialized using 'CodeIgniter\Session\Handlers\FileHandler' driver.
DEBUG - 2026-10-06 16:48:45 --> Session: Class initialized using 'CodeIgniter\Session\Handlers\FileHandler' driver.
DEBUG - 2026-10-06 16:48:50 --> Session: Class initialized using 'CodeIgniter\Session\Handlers\FileHandler' driver.
DEBUG - 2026-10-06 16:48:57 --> Session: Class initialized using 'CodeIgniter\Session\Handlers\FileHandler' driver.
DEBUG - 2026-10-06 16:49:09 --> Session: Class initialized using 'CodeIgniter\Session\Handlers\FileHandler' driver.
DEBUG - 2026-10-06 16:50:54 --> Session: Class initialized using 'CodeIgniter\Session\Handlers\FileHandler' driver.
DEBUG - 2026-10-06 16:51:02 --> Session: Class initialized using 'CodeIgniter\Session\Handlers\FileHandler' driver.
DEBUG - 2026-10-06 16:51:05 --> Session: Class initialized using 'CodeIgniter\Session\Handlers\FileHandler' driver.
DEBUG - 2026-10-06 16:53:36 --> Session: Class initialized using 'CodeIgniter\Session\Handlers\FileHandler' driver.
DEBUG - 2026-10-06 16:54:00 --> Session: Class initialized using 'CodeIgniter\Session\Handlers\FileHandler' driver.
DEBUG - 2026-10-06 16:54:18 --> Session: Class initialized using 'CodeIgniter\Session\Handlers\FileHandler' driver.
DEBUG - 2026-10-06 16:54:38 --> Session: Class initialized using 'CodeIgniter\Session\Handlers\FileHandler' driver.
DEBUG - 2026-10-06 16:54:49 --> Session: Class initialized using 'CodeIgniter\Session\Handlers\FileHandler' driver.
DEBUG - 2026-10-06 16:55:25 --> Session: Class initialized using 'CodeIgniter\Session\Handlers\FileHandler' driver.
DEBUG - 2026-10-06 16:55:33 --> Session: Class initialized using 'CodeIgniter\Session\Handlers\FileHandler' driver.
DEBUG - 2026-10-06 16:56:08 --> Session: Class initialized using 'CodeIgniter\Session\Handlers\FileHandler' driver.
